{"type": "FeatureCollection", "features": [{"type": "Feature", "geometry": {"type": "Polygon", "coordinates": [[[-63.9, -29.8], [-63.8, -29.8], [-63.75, -29.85], [-63.8, -29.9], [-63.9, -29.9], [-63.95, -29.85], [-63.9, -29.8]]]}, "properties": {"id": 1, "nombre_x": "Norte - San Francisco del Cha\u00f1ar", "lst_celsius": 21.498148319673476, "nbr": 0.12185575946370221, "ndvi": 0.4372752594179332, "nombre_y": "Norte - San Francisco del Cha\u00f1ar", "precip_60d_mm": 48.697556233731305, "humedad_min": 14.0, "viento_max_kmh": 43.1, "humedad_saocom_pct": 40.9, "riesgo_final": 100.0, "nivel": "CR\u00cdTICO"}}, {"type": "Feature", "geometry": {"type": "Polygon", "coordinates": [[[-63.7, -29.9], [-63.6, -29.9], [-63.55, -29.95], [-63.6, -30.0], [-63.7, -30.0], [-63.75, -29.95], [-63.7, -29.9]]]}, "properties": {"id": 2, "nombre_x": "Norte - Villa de Mar\u00eda del R\u00edo Seco", "lst_celsius": 24.875806583655958, "nbr": 0.08316425298620415, "ndvi": 0.38069217268922056, "nombre_y": "Norte - Villa de Mar\u00eda del R\u00edo Seco", "precip_60d_mm": 80.53780713709872, "humedad_min": 10.0, "viento_max_kmh": 31.0, "humedad_saocom_pct": 15.3, "riesgo_final": 100.0, "nivel": "CR\u00cdTICO"}}, {"type": "Feature", "geometry": {"type": "Polygon", "coordinates": [[[-64.8, -30.7], [-64.7, -30.7], [-64.65, -30.75], [-64.7, -30.8], [-64.8, -30.8], [-64.85, -30.75], [-64.8, -30.7]]]}, "properties": {"id": 3, "nombre_x": "Noroeste - Cruz del Eje", "lst_celsius": 23.55837327218262, "nbr": 0.05533373196096945, "ndvi": 0.35165616905634345, "nombre_y": "Noroeste - Cruz del Eje", "precip_60d_mm": 41.280358271532045, "humedad_min": 4.0, "viento_max_kmh": 44.6, "humedad_saocom_pct": 15.6, "riesgo_final": 100.0, "nivel": "CR\u00cdTICO"}}, {"type": "Feature", "geometry": {"type": "Polygon", "coordinates": [[[-64.9, -31.0], [-64.8, -31.0], [-64.75, -31.05], [-64.8, -31.1], [-64.9, -31.1], [-64.95, -31.05], [-64.9, -31.0]]]}, "properties": {"id": 4, "nombre_x": "Noroeste - Villa de Soto", "lst_celsius": 20.240827431335276, "nbr": 0.017769781703718103, "ndvi": 0.3653677633519497, "nombre_y": "Noroeste - Villa de Soto", "precip_60d_mm": 21.6945331244879, "humedad_min": 5.0, "viento_max_kmh": 30.0, "humedad_saocom_pct": 20.2, "riesgo_final": 100.0, "nivel": "CR\u00cdTICO"}}, {"type": "Feature", "geometry": {"type": "Polygon", "coordinates": [[[-64.6, -30.9], [-64.5, -30.9], [-64.45, -30.95], [-64.5, -31.0], [-64.6, -31.0], [-64.65, -30.95], [-64.6, -30.9]]]}, "properties": {"id": 5, "nombre_x": "Sierras - Capilla del Monte", "lst_celsius": 21.351277600093738, "nbr": 0.036523231268087764, "ndvi": 0.3730721743567445, "nombre_y": "Sierras - Capilla del Monte", "precip_60d_mm": 39.04211470088668, "humedad_min": 6.0, "viento_max_kmh": 39.5, "humedad_saocom_pct": 19.2, "riesgo_final": 100.0, "nivel": "CR\u00cdTICO"}}, {"type": "Feature", "geometry": {"type": "Polygon", "coordinates": [[[-64.5, -31.1], [-64.4, -31.1], [-64.35, -31.15], [-64.4, -31.2], [-64.5, -31.2], [-64.55, -31.15], [-64.5, -31.1]]]}, "properties": {"id": 6, "nombre_x": "Sierras - La Falda", "lst_celsius": 20.332522115938957, "nbr": 0.14748961685904102, "ndvi": 0.43415927380532165, "nombre_y": "Sierras - La Falda", "precip_60d_mm": 38.71240515701422, "humedad_min": 6.0, "viento_max_kmh": 36.4, "humedad_saocom_pct": 19.9, "riesgo_final": 100.0, "nivel": "CR\u00cdTICO"}}, {"type": "Feature", "geometry": {"type": "Polygon", "coordinates": [[[-64.5, -31.4], [-64.4, -31.4], [-64.35, -31.45], [-64.4, -31.5], [-64.5, -31.5], [-64.55, -31.45], [-64.5, -31.4]]]}, "properties": {"id": 7, "nombre_x": "Sierras - Carlos Paz", "lst_celsius": 22.774788978869992, "nbr": 0.09600131777427826, "ndvi": 0.3891010120940013, "nombre_y": "Sierras - Carlos Paz", "precip_60d_mm": 42.24604195397044, "humedad_min": 7.0, "viento_max_kmh": 34.1, "humedad_saocom_pct": 19.0, "riesgo_final": 100.0, "nivel": "CR\u00cdTICO"}}, {"type": "Feature", "geometry": {"type": "Polygon", "coordinates": [[[-64.4, -31.7], [-64.3, -31.7], [-64.25, -31.75], [-64.3, -31.8], [-64.4, -31.8], [-64.45, -31.75], [-64.4, -31.7]]]}, "properties": {"id": 8, "nombre_x": "Sierras - Alta Gracia", "lst_celsius": 26.641575545515025, "nbr": 0.013122339416888078, "ndvi": 0.30879985708028107, "nombre_y": "Sierras - Alta Gracia", "precip_60d_mm": 34.30683252499961, "humedad_min": 21.0, "viento_max_kmh": 32.1, "humedad_saocom_pct": 19.5, "riesgo_final": 100.0, "nivel": "CR\u00cdTICO"}}, {"type": "Feature", "geometry": {"type": "Polygon", "coordinates": [[[-64.6, -32.0], [-64.5, -32.0], [-64.45, -32.05], [-64.5, -32.1], [-64.6, -32.1], [-64.65, -32.05], [-64.6, -32.0]]]}, "properties": {"id": 9, "nombre_x": "Sierras - Villa Gral. Belgrano", "lst_celsius": 21.68365154000145, "nbr": 0.1345442028368878, "ndvi": 0.4427889378114087, "nombre_y": "Sierras - Villa Gral. Belgrano", "precip_60d_mm": 22.095174144567554, "humedad_min": 26.0, "viento_max_kmh": 31.9, "humedad_saocom_pct": 22.1, "riesgo_final": 100.0, "nivel": "CR\u00cdTICO"}}, {"type": "Feature", "geometry": {"type": "Polygon", "coordinates": [[[-65.0, -31.7], [-64.9, -31.7], [-64.85, -31.75], [-64.9, -31.8], [-65.0, -31.8], [-65.05, -31.75], [-65.0, -31.7]]]}, "properties": {"id": 10, "nombre_x": "Traslasierra - Mina Clavero", "lst_celsius": 21.252335100465245, "nbr": 0.002023545587266403, "ndvi": 0.31183504281497537, "nombre_y": "Traslasierra - Mina Clavero", "precip_60d_mm": 20.968169463143646, "humedad_min": 12.0, "viento_max_kmh": 28.5, "humedad_saocom_pct": 35.1, "riesgo_final": 100.0, "nivel": "CR\u00cdTICO"}}, {"type": "Feature", "geometry": {"type": "Polygon", "coordinates": [[[-65.2, -31.9], [-65.1, -31.9], [-65.05, -31.95], [-65.1, -32.0], [-65.2, -32.0], [-65.25, -31.95], [-65.2, -31.9]]]}, "properties": {"id": 11, "nombre_x": "Traslasierra - Villa Dolores", "lst_celsius": 23.882731549243715, "nbr": 0.0653006966428778, "ndvi": 0.36964633430198207, "nombre_y": "Traslasierra - Villa Dolores", "precip_60d_mm": 35.97926999869087, "humedad_min": 18.0, "viento_max_kmh": 45.5, "humedad_saocom_pct": 20.0, "riesgo_final": 100.0, "nivel": "CR\u00cdTICO"}}, {"type": "Feature", "geometry": {"type": "Polygon", "coordinates": [[[-62.8, -30.9], [-62.7, -30.9], [-62.65, -30.95], [-62.7, -31.0], [-62.8, -31.0], [-62.85, -30.95], [-62.8, -30.9]]]}, "properties": {"id": 12, "nombre_x": "Mar Chiquita - Miramar", "lst_celsius": 16.749209130043084, "nbr": 0.30675112781561376, "ndvi": 0.47061215369446036, "nombre_y": "Mar Chiquita - Miramar", "precip_60d_mm": 82.59179627744669, "humedad_min": 36.0, "viento_max_kmh": 37.0, "humedad_saocom_pct": 18.4, "riesgo_final": 100.0, "nivel": "CR\u00cdTICO"}}, {"type": "Feature", "geometry": {"type": "Polygon", "coordinates": [[[-62.1, -31.4], [-62.0, -31.4], [-61.95, -31.45], [-62.0, -31.5], [-62.1, -31.5], [-62.15, -31.45], [-62.1, -31.4]]]}, "properties": {"id": 13, "nombre_x": "Este - San Francisco", "lst_celsius": 18.2575532597823, "nbr": 0.2543093639180075, "ndvi": 0.49145264097631486, "nombre_y": "Este - San Francisco", "precip_60d_mm": 116.96773944678704, "humedad_min": 32.0, "viento_max_kmh": 35.3, "humedad_saocom_pct": 36.0, "riesgo_final": 100.0, "nivel": "CR\u00cdTICO"}}, {"type": "Feature", "geometry": {"type": "Polygon", "coordinates": [[[-62.7, -31.9], [-62.6, -31.9], [-62.55, -31.95], [-62.6, -32.0], [-62.7, -32.0], [-62.75, -31.95], [-62.7, -31.9]]]}, "properties": {"id": 14, "nombre_x": "Este - Las Varillas", "lst_celsius": 18.835052301492965, "nbr": 0.23182503887223835, "ndvi": 0.48068969231873787, "nombre_y": "Este - Las Varillas", "precip_60d_mm": 111.71015285069646, "humedad_min": 31.0, "viento_max_kmh": 38.9, "humedad_saocom_pct": 22.2, "riesgo_final": 100.0, "nivel": "CR\u00cdTICO"}}, {"type": "Feature", "geometry": {"type": "Polygon", "coordinates": [[[-62.7, -32.6], [-62.6, -32.6], [-62.55, -32.65], [-62.6, -32.7], [-62.7, -32.7], [-62.75, -32.65], [-62.7, -32.6]]]}, "properties": {"id": 15, "nombre_x": "Sudeste - Bell Ville", "lst_celsius": 20.04368846556258, "nbr": 0.21818845393170816, "ndvi": 0.44920825165296235, "nombre_y": "Sudeste - Bell Ville", "precip_60d_mm": 112.38145522695825, "humedad_min": 34.0, "viento_max_kmh": 35.6, "humedad_saocom_pct": 70.4, "riesgo_final": 100.0, "nivel": "CR\u00cdTICO"}}, {"type": "Feature", "geometry": {"type": "Polygon", "coordinates": [[[-62.2, -32.7], [-62.1, -32.7], [-62.05, -32.75], [-62.1, -32.8], [-62.2, -32.8], [-62.25, -32.75], [-62.2, -32.7]]]}, "properties": {"id": 16, "nombre_x": "Sudeste - Marcos Ju\u00e1rez", "lst_celsius": 20.789453175944402, "nbr": 0.16116989791418615, "ndvi": 0.41046286973436297, "nombre_y": "Sudeste - Marcos Ju\u00e1rez", "precip_60d_mm": 127.7295148505244, "humedad_min": 39.0, "viento_max_kmh": 33.2, "humedad_saocom_pct": 39.0, "riesgo_final": 100.0, "nivel": "CR\u00cdTICO"}}, {"type": "Feature", "geometry": {"type": "Polygon", "coordinates": [[[-63.3, -33.4], [-63.2, -33.4], [-63.15, -33.45], [-63.2, -33.5], [-63.3, -33.5], [-63.35, -33.45], [-63.3, -33.4]]]}, "properties": {"id": 17, "nombre_x": "Sur - La Carlota", "lst_celsius": 19.657663584789816, "nbr": 0.1861698298605917, "ndvi": 0.4297795825543645, "nombre_y": "Sur - La Carlota", "precip_60d_mm": 71.27462804536495, "humedad_min": 41.0, "viento_max_kmh": 40.8, "humedad_saocom_pct": 20.4, "riesgo_final": 100.0, "nivel": "CR\u00cdTICO"}}, {"type": "Feature", "geometry": {"type": "Polygon", "coordinates": [[[-64.3, -33.1], [-64.2, -33.1], [-64.15, -33.15], [-64.2, -33.2], [-64.3, -33.2], [-64.35, -33.15], [-64.3, -33.1]]]}, "properties": {"id": 18, "nombre_x": "Sur - R\u00edo Cuarto", "lst_celsius": 20.05772300569498, "nbr": 0.15403503443775618, "ndvi": 0.382153142295708, "nombre_y": "Sur - R\u00edo Cuarto", "precip_60d_mm": 38.09419632807717, "humedad_min": 26.0, "viento_max_kmh": 36.5, "humedad_saocom_pct": 13.3, "riesgo_final": 100.0, "nivel": "CR\u00cdTICO"}}, {"type": "Feature", "geometry": {"type": "Polygon", "coordinates": [[[-64.6, -34.8], [-64.5, -34.8], [-64.45, -34.85], [-64.5, -34.9], [-64.6, -34.9], [-64.65, -34.85], [-64.6, -34.8]]]}, "properties": {"id": 19, "nombre_x": "Suroeste - Villa Huidobro", "lst_celsius": 19.429105997038562, "nbr": 0.1326384415782513, "ndvi": 0.3708954019893543, "nombre_y": "Suroeste - Villa Huidobro", "precip_60d_mm": 33.894286367253436, "humedad_min": 39.0, "viento_max_kmh": 40.2, "humedad_saocom_pct": 18.9, "riesgo_final": 100.0, "nivel": "CR\u00cdTICO"}}, {"type": "Feature", "geometry": {"type": "Polygon", "coordinates": [[[-64.2, -31.3], [-64.1, -31.3], [-64.05, -31.35], [-64.1, -31.4], [-64.2, -31.4], [-64.25, -31.35], [-64.2, -31.3]]]}, "properties": {"id": 20, "nombre_x": "Capital - Norte", "lst_celsius": 25.155010920478787, "nbr": 0.11934343486876718, "ndvi": 0.33472835630789244, "nombre_y": "Capital - Norte", "precip_60d_mm": 66.6446692302784, "humedad_min": 20.0, "viento_max_kmh": 31.1, "humedad_saocom_pct": 110.8, "riesgo_final": 100.0, "nivel": "CR\u00cdTICO"}}, {"type": "Feature", "geometry": {"type": "Polygon", "coordinates": [[[-64.5, -30.2], [-64.4, -30.2], [-64.35, -30.25], [-64.4, -30.3], [-64.5, -30.3], [-64.55, -30.25], [-64.5, -30.2]]]}, "properties": {"id": 21, "nombre_x": "Norte - Quilino", "lst_celsius": 23.813196074352277, "nbr": 0.07574348942836977, "ndvi": 0.39133771988095933, "nombre_y": "Norte - Quilino", "precip_60d_mm": 19.788761077059778, "humedad_min": 3.0, "viento_max_kmh": 40.2, "humedad_saocom_pct": 14.0, "riesgo_final": 100.0, "nivel": "CR\u00cdTICO"}}, {"type": "Feature", "geometry": {"type": "Polygon", "coordinates": [[[-64.1, -30.8], [-64.0, -30.8], [-63.95, -30.85], [-64.0, -30.9], [-64.1, -30.9], [-64.15, -30.85], [-64.1, -30.8]]]}, "properties": {"id": 22, "nombre_x": "Norte - Villa del Totoral", "lst_celsius": 21.831301283597327, "nbr": 0.10482001167275448, "ndvi": 0.3576433908556534, "nombre_y": "Norte - Villa del Totoral", "precip_60d_mm": 49.843060212542895, "humedad_min": 10.0, "viento_max_kmh": 36.9, "humedad_saocom_pct": 13.7, "riesgo_final": 100.0, "nivel": "CR\u00cdTICO"}}, {"type": "Feature", "geometry": {"type": "Polygon", "coordinates": [[[-63.0, -30.9], [-62.9, -30.9], [-62.85, -30.95], [-62.9, -31.0], [-63.0, -31.0], [-63.05, -30.95], [-63.0, -30.9]]]}, "properties": {"id": 23, "nombre_x": "Noreste - La Para", "lst_celsius": 19.106135668823526, "nbr": 0.15370448817390403, "ndvi": 0.38456029418146914, "nombre_y": "Noreste - La Para", "precip_60d_mm": 84.31482824327165, "humedad_min": 33.0, "viento_max_kmh": 36.4, "humedad_saocom_pct": 16.2, "riesgo_final": 100.0, "nivel": "CR\u00cdTICO"}}, {"type": "Feature", "geometry": {"type": "Polygon", "coordinates": [[[-62.9, -31.4], [-62.8, -31.4], [-62.75, -31.45], [-62.8, -31.5], [-62.9, -31.5], [-62.95, -31.45], [-62.9, -31.4]]]}, "properties": {"id": 24, "nombre_x": "Este - Arroyito", "lst_celsius": 16.231793474107917, "nbr": 0.2593451742409911, "ndvi": 0.44827367213030206, "nombre_y": "Este - Arroyito", "precip_60d_mm": 121.94693988971079, "humedad_min": 31.0, "viento_max_kmh": 39.7, "humedad_saocom_pct": 21.5, "riesgo_final": 100.0, "nivel": "CR\u00cdTICO"}}, {"type": "Feature", "geometry": {"type": "Polygon", "coordinates": [[[-63.5, -31.6], [-63.4, -31.6], [-63.35, -31.65], [-63.4, -31.7], [-63.5, -31.7], [-63.55, -31.65], [-63.5, -31.6]]]}, "properties": {"id": 25, "nombre_x": "Este - Villa del Rosario", "lst_celsius": 19.40409847060937, "nbr": 0.26621849842297723, "ndvi": 0.49262167919275857, "nombre_y": "Este - Villa del Rosario", "precip_60d_mm": 94.03794029962974, "humedad_min": 26.0, "viento_max_kmh": 38.6, "humedad_saocom_pct": 16.5, "riesgo_final": 100.0, "nivel": "CR\u00cdTICO"}}, {"type": "Feature", "geometry": {"type": "Polygon", "coordinates": [[[-62.7, -33.0], [-62.6, -33.0], [-62.55, -33.05], [-62.6, -33.1], [-62.7, -33.1], [-62.75, -33.05], [-62.7, -33.0]]]}, "properties": {"id": 26, "nombre_x": "Sudeste - Justiniano Posse", "lst_celsius": 20.5857833239524, "nbr": 0.18670015105745288, "ndvi": 0.4481685044057637, "nombre_y": "Sudeste - Justiniano Posse", "precip_60d_mm": 104.14482743655627, "humedad_min": 36.0, "viento_max_kmh": 37.2, "humedad_saocom_pct": 32.9, "riesgo_final": 100.0, "nivel": "CR\u00cdTICO"}}, {"type": "Feature", "geometry": {"type": "Polygon", "coordinates": [[[-63.7, -33.4], [-63.6, -33.4], [-63.55, -33.45], [-63.6, -33.5], [-63.7, -33.5], [-63.75, -33.45], [-63.7, -33.4]]]}, "properties": {"id": 27, "nombre_x": "Sur - Alejandro Roca", "lst_celsius": 21.010840947513202, "nbr": 0.18621450332258813, "ndvi": 0.4141105441683299, "nombre_y": "Sur - Alejandro Roca", "precip_60d_mm": 56.40994921911426, "humedad_min": 40.0, "viento_max_kmh": 39.9, "humedad_saocom_pct": 18.6, "riesgo_final": 100.0, "nivel": "CR\u00cdTICO"}}, {"type": "Feature", "geometry": {"type": "Polygon", "coordinates": [[[-63.9, -34.0], [-63.8, -34.0], [-63.75, -34.05], [-63.8, -34.1], [-63.9, -34.1], [-63.95, -34.05], [-63.9, -34.0]]]}, "properties": {"id": 28, "nombre_x": "Sur - General Levalle", "lst_celsius": 17.39553779553762, "nbr": 0.24847735974381557, "ndvi": 0.3954406072063, "nombre_y": "Sur - General Levalle", "precip_60d_mm": 52.3994919633315, "humedad_min": 40.0, "viento_max_kmh": 41.0, "humedad_saocom_pct": 21.2, "riesgo_final": 100.0, "nivel": "CR\u00cdTICO"}}, {"type": "Feature", "geometry": {"type": "Polygon", "coordinates": [[[-64.9, -34.5], [-64.8, -34.5], [-64.75, -34.55], [-64.8, -34.6], [-64.9, -34.6], [-64.95, -34.55], [-64.9, -34.5]]]}, "properties": {"id": 29, "nombre_x": "Suroeste - Jovita", "lst_celsius": 19.217954573687166, "nbr": 0.2684986931073999, "ndvi": 0.46557432705952934, "nombre_y": "Suroeste - Jovita", "precip_60d_mm": 38.19019649498106, "humedad_min": 24.0, "viento_max_kmh": 37.0, "humedad_saocom_pct": 16.0, "riesgo_final": 100.0, "nivel": "CR\u00cdTICO"}}, {"type": "Feature", "geometry": {"type": "Polygon", "coordinates": [[[-65.1, -31.2], [-65.0, -31.2], [-64.95, -31.25], [-65.0, -31.3], [-65.1, -31.3], [-65.15, -31.25], [-65.1, -31.2]]]}, "properties": {"id": 30, "nombre_x": "Oeste - San Carlos Minas", "lst_celsius": 22.55891374236444, "nbr": -0.07827029068657523, "ndvi": 0.34665128259453254, "nombre_y": "Oeste - San Carlos Minas", "precip_60d_mm": 21.493141620694526, "humedad_min": 8.0, "viento_max_kmh": 28.2, "humedad_saocom_pct": 19.0, "riesgo_final": 100.0, "nivel": "CR\u00cdTICO"}}, {"type": "Feature", "geometry": {"type": "Polygon", "coordinates": [[[-65.1, -31.5], [-65.0, -31.5], [-64.95, -31.55], [-65.0, -31.6], [-65.1, -31.6], [-65.15, -31.55], [-65.1, -31.5]]]}, "properties": {"id": 31, "nombre_x": "Oeste - Salsacate", "lst_celsius": 21.08596219089395, "nbr": -0.025487646640273497, "ndvi": 0.3059046400650086, "nombre_y": "Oeste - Salsacate", "precip_60d_mm": 16.94562156879285, "humedad_min": 9.0, "viento_max_kmh": 29.0, "humedad_saocom_pct": 20.2, "riesgo_final": 100.0, "nivel": "CR\u00cdTICO"}}, {"type": "Feature", "geometry": {"type": "Polygon", "coordinates": [[[-63.7, -31.9], [-63.6, -31.9], [-63.55, -31.95], [-63.6, -32.0], [-63.7, -32.0], [-63.75, -31.95], [-63.7, -31.9]]]}, "properties": {"id": 32, "nombre_x": "Centro - Oncativo", "lst_celsius": 21.346854832233987, "nbr": 0.08041626486214237, "ndvi": 0.33722396822321266, "nombre_y": "Centro - Oncativo", "precip_60d_mm": 60.37153001836788, "humedad_min": 26.0, "viento_max_kmh": 39.3, "humedad_saocom_pct": 19.0, "riesgo_final": 100.0, "nivel": "CR\u00cdTICO"}}, {"type": "Feature", "geometry": {"type": "Polygon", "coordinates": [[[-64.1, -32.2], [-64.0, -32.2], [-63.95, -32.25], [-64.0, -32.3], [-64.1, -32.3], [-64.15, -32.25], [-64.1, -32.2]]]}, "properties": {"id": 33, "nombre_x": "Centro - R\u00edo Tercero", "lst_celsius": 23.664294534873875, "nbr": 0.035827687182522626, "ndvi": 0.2702330241784789, "nombre_y": "Centro - R\u00edo Tercero", "precip_60d_mm": 47.85459740767007, "humedad_min": 24.0, "viento_max_kmh": 36.4, "humedad_saocom_pct": 17.5, "riesgo_final": 100.0, "nivel": "CR\u00cdTICO"}}, {"type": "Feature", "geometry": {"type": "Polygon", "coordinates": [[[-64.4, -32.4], [-64.3, -32.4], [-64.25, -32.45], [-64.3, -32.5], [-64.4, -32.5], [-64.45, -32.45], [-64.4, -32.4]]]}, "properties": {"id": 34, "nombre_x": "Centro - Berrotar\u00e1n", "lst_celsius": 21.941509604746955, "nbr": 0.031090119544878163, "ndvi": 0.32486826589247336, "nombre_y": "Centro - Berrotar\u00e1n", "precip_60d_mm": 24.190830153886345, "humedad_min": 25.0, "viento_max_kmh": 36.4, "humedad_saocom_pct": 86.2, "riesgo_final": 100.0, "nivel": "CR\u00cdTICO"}}, {"type": "Feature", "geometry": {"type": "Polygon", "coordinates": [[[-64.3, -31.0], [-64.2, -31.0], [-64.15, -31.05], [-64.2, -31.1], [-64.3, -31.1], [-64.35, -31.05], [-64.3, -31.0]]]}, "properties": {"id": 35, "nombre_x": "Sierras Chicas - La Granja", "lst_celsius": 21.687027923526955, "nbr": 0.18123750351141607, "ndvi": 0.32887757903739145, "nombre_y": "Sierras Chicas - La Granja", "precip_60d_mm": 48.18205623994084, "humedad_min": 6.0, "viento_max_kmh": 35.1, "humedad_saocom_pct": 17.0, "riesgo_final": 100.0, "nivel": "CR\u00cdTICO"}}, {"type": "Feature", "geometry": {"type": "Polygon", "coordinates": [[[-64.3, -31.2], [-64.2, -31.2], [-64.15, -31.25], [-64.2, -31.3], [-64.3, -31.3], [-64.35, -31.25], [-64.3, -31.2]]]}, "properties": {"id": 36, "nombre_x": "Sierras Chicas - Unquillo", "lst_celsius": 26.015829525993695, "nbr": 0.09713989740482286, "ndvi": 0.3883356653635555, "nombre_y": "Sierras Chicas - Unquillo", "precip_60d_mm": 54.24121236313559, "humedad_min": 9.0, "viento_max_kmh": 29.9, "humedad_saocom_pct": 14.0, "riesgo_final": 100.0, "nivel": "CR\u00cdTICO"}}, {"type": "Feature", "geometry": {"type": "Polygon", "coordinates": [[[-64.3, -31.3], [-64.2, -31.3], [-64.15, -31.35], [-64.2, -31.4], [-64.3, -31.4], [-64.35, -31.35], [-64.3, -31.3]]]}, "properties": {"id": 37, "nombre_x": "Sierras Chicas - La Calera", "lst_celsius": 24.849406424625272, "nbr": 0.11586421997204827, "ndvi": 0.31541858595491507, "nombre_y": "Sierras Chicas - La Calera", "precip_60d_mm": 59.03387607339173, "humedad_min": 15.0, "viento_max_kmh": 32.0, "humedad_saocom_pct": 83.0, "riesgo_final": 100.0, "nivel": "CR\u00cdTICO"}}, {"type": "Feature", "geometry": {"type": "Polygon", "coordinates": [[[-64.4, -31.7], [-64.3, -31.7], [-64.25, -31.75], [-64.3, -31.8], [-64.4, -31.8], [-64.45, -31.75], [-64.4, -31.7]]]}, "properties": {"id": 38, "nombre_x": "Paravachasca - Anisacate", "lst_celsius": 26.641575545515025, "nbr": 0.013122339416888078, "ndvi": 0.30879985708028107, "nombre_y": "Paravachasca - Anisacate", "precip_60d_mm": 34.30683252499961, "humedad_min": 21.0, "viento_max_kmh": 32.1, "humedad_saocom_pct": 19.5, "riesgo_final": 100.0, "nivel": "CR\u00cdTICO"}}, {"type": "Feature", "geometry": {"type": "Polygon", "coordinates": [[[-64.4, -32.2], [-64.3, -32.2], [-64.25, -32.25], [-64.3, -32.3], [-64.4, -32.3], [-64.45, -32.25], [-64.4, -32.2]]]}, "properties": {"id": 39, "nombre_x": "Calamuchita - Embalse", "lst_celsius": 23.328516669280305, "nbr": 0.08436909964091642, "ndvi": 0.38117480392727954, "nombre_y": "Calamuchita - Embalse", "precip_60d_mm": 27.500348373157227, "humedad_min": 26.0, "viento_max_kmh": 39.7, "humedad_saocom_pct": 140.5, "riesgo_final": 100.0, "nivel": "CR\u00cdTICO"}}, {"type": "Feature", "geometry": {"type": "Polygon", "coordinates": [[[-64.7, -33.4], [-64.6, -33.4], [-64.55, -33.45], [-64.6, -33.5], [-64.7, -33.5], [-64.75, -33.45], [-64.7, -33.4]]]}, "properties": {"id": 40, "nombre_x": "Suroeste - Sampacho", "lst_celsius": 20.499118472292082, "nbr": 0.03543757539798747, "ndvi": 0.3150440786045599, "nombre_y": "Suroeste - Sampacho", "precip_60d_mm": 31.32123939788355, "humedad_min": 26.0, "viento_max_kmh": 38.7, "humedad_saocom_pct": 21.0, "riesgo_final": 100.0, "nivel": "CR\u00cdTICO"}}, {"type": "Feature", "geometry": {"type": "Polygon", "coordinates": [[[-63.5, -29.7], [-63.4, -29.7], [-63.35, -29.75], [-63.4, -29.8], [-63.5, -29.8], [-63.55, -29.75], [-63.5, -29.7]]]}, "properties": {"id": 41, "nombre_x": "Extremo Norte", "lst_celsius": 22.50882580571721, "nbr": 0.16535489480945767, "ndvi": 0.41457057122389857, "nombre_y": "Extremo Norte", "precip_60d_mm": 98.42184807357827, "humedad_min": 14.0, "viento_max_kmh": 31.7, "humedad_saocom_pct": 15.4, "riesgo_final": 100.0, "nivel": "CR\u00cdTICO"}}, {"type": "Feature", "geometry": {"type": "Polygon", "coordinates": [[[-65.2, -30.0], [-65.1, -30.0], [-65.05, -30.05], [-65.1, -30.1], [-65.2, -30.1], [-65.25, -30.05], [-65.2, -30.0]]]}, "properties": {"id": 42, "nombre_x": "Salinas Grandes", "lst_celsius": 19.192562558758254, "nbr": 0.2042683717527443, "ndvi": 0.05612900261361005, "nombre_y": "Salinas Grandes", "precip_60d_mm": 15.429138199479848, "humedad_min": 6.0, "viento_max_kmh": 26.1, "humedad_saocom_pct": 9.0, "riesgo_final": 100.0, "nivel": "CR\u00cdTICO"}}, {"type": "Feature", "geometry": {"type": "Polygon", "coordinates": [[[-65.3, -31.4], [-65.2, -31.4], [-65.15, -31.45], [-65.2, -31.5], [-65.3, -31.5], [-65.35, -31.45], [-65.3, -31.4]]]}, "properties": {"id": 43, "nombre_x": "Pampa de Pocho", "lst_celsius": 21.672390695174784, "nbr": -0.026332660383431652, "ndvi": 0.2697401404160816, "nombre_y": "Pampa de Pocho", "precip_60d_mm": 17.6761920846772, "humedad_min": 10.0, "viento_max_kmh": 29.5, "humedad_saocom_pct": 20.9, "riesgo_final": 100.0, "nivel": "CR\u00cdTICO"}}, {"type": "Feature", "geometry": {"type": "Polygon", "coordinates": [[[-64.8, -31.8], [-64.7, -31.8], [-64.65, -31.85], [-64.7, -31.9], [-64.8, -31.9], [-64.85, -31.85], [-64.8, -31.8]]]}, "properties": {"id": 44, "nombre_x": "Pampa de Achala", "lst_celsius": 21.335462837943055, "nbr": 0.09240062636768545, "ndvi": 0.3857721133554138, "nombre_y": "Pampa de Achala", "precip_60d_mm": 1.2469823279593162, "humedad_min": 21.0, "viento_max_kmh": 27.5, "humedad_saocom_pct": 27.5, "riesgo_final": 100.0, "nivel": "CR\u00cdTICO"}}, {"type": "Feature", "geometry": {"type": "Polygon", "coordinates": [[[-64.8, -32.8], [-64.7, -32.8], [-64.65, -32.85], [-64.7, -32.9], [-64.8, -32.9], [-64.85, -32.85], [-64.8, -32.8]]]}, "properties": {"id": 45, "nombre_x": "Sierras del Sur", "lst_celsius": 23.553946118371073, "nbr": 0.11011722289481968, "ndvi": 0.371764877990135, "nombre_y": "Sierras del Sur", "precip_60d_mm": 20.78280456542219, "humedad_min": 25.0, "viento_max_kmh": 36.0, "humedad_saocom_pct": 13.9, "riesgo_final": 100.0, "nivel": "CR\u00cdTICO"}}, {"type": "Feature", "geometry": {"type": "Polygon", "coordinates": [[[-63.0, -34.0], [-62.9, -34.0], [-62.85, -34.05], [-62.9, -34.1], [-63.0, -34.1], [-63.05, -34.05], [-63.0, -34.0]]]}, "properties": {"id": 46, "nombre_x": "Laguna La Chanchera", "lst_celsius": 18.527786576559777, "nbr": 0.2461219946323177, "ndvi": 0.46459909230021573, "nombre_y": "Laguna La Chanchera", "precip_60d_mm": 82.0022888508653, "humedad_min": 43.0, "viento_max_kmh": 39.6, "humedad_saocom_pct": 19.9, "riesgo_final": 100.0, "nivel": "CR\u00cdTICO"}}, {"type": "Feature", "geometry": {"type": "Polygon", "coordinates": [[[-62.5, -30.5], [-62.4, -30.5], [-62.35, -30.55], [-62.4, -30.6], [-62.5, -30.6], [-62.55, -30.55], [-62.5, -30.5]]]}, "properties": {"id": 47, "nombre_x": "Ba\u00f1ados del R\u00edo Dulce", "lst_celsius": -999.0, "nbr": -999.0, "ndvi": -999.0, "nombre_y": "Ba\u00f1ados del R\u00edo Dulce", "precip_60d_mm": 0.0, "humedad_min": 55.0, "viento_max_kmh": 58.0, "humedad_saocom_pct": null, "riesgo_final": -1.0, "nivel": "DATOS INSUFICENTES"}}, {"type": "Feature", "geometry": {"type": "Polygon", "coordinates": [[[-62.0, -32.0], [-61.9, -32.0], [-61.85, -32.05], [-61.9, -32.1], [-62.0, -32.1], [-62.05, -32.05], [-62.0, -32.0]]]}, "properties": {"id": 48, "nombre_x": "Llanura Oriental", "lst_celsius": 18.189225168100904, "nbr": 0.20623917193126579, "ndvi": 0.4668118147541284, "nombre_y": "Llanura Oriental", "precip_60d_mm": 136.0807193122918, "humedad_min": 32.0, "viento_max_kmh": 33.8, "humedad_saocom_pct": null, "riesgo_final": 100.0, "nivel": "CR\u00cdTICO"}}, {"type": "Feature", "geometry": {"type": "Polygon", "coordinates": [[[-63.5, -33.0], [-63.4, -33.0], [-63.35, -33.05], [-63.4, -33.1], [-63.5, -33.1], [-63.55, -33.05], [-63.5, -33.0]]]}, "properties": {"id": 49, "nombre_x": "Llanura Pampeana", "lst_celsius": 21.742402763718133, "nbr": 0.20802599663922847, "ndvi": 0.4426495502469739, "nombre_y": "Llanura Pampeana", "precip_60d_mm": 82.9419867104175, "humedad_min": 34.0, "viento_max_kmh": 39.5, "humedad_saocom_pct": 23.3, "riesgo_final": 100.0, "nivel": "CR\u00cdTICO"}}, {"type": "Feature", "geometry": {"type": "Polygon", "coordinates": [[[-65.5, -30.5], [-65.4, -30.5], [-65.35, -30.55], [-65.4, -30.6], [-65.5, -30.6], [-65.55, -30.55], [-65.5, -30.5]]]}, "properties": {"id": 50, "nombre_x": "Depresi\u00f3n de las Salinas", "lst_celsius": 23.94776439806708, "nbr": 0.24423025424245143, "ndvi": 0.44690861869690157, "nombre_y": "Depresi\u00f3n de las Salinas", "precip_60d_mm": 19.85961674369356, "humedad_min": 5.0, "viento_max_kmh": 35.7, "humedad_saocom_pct": 9.0, "riesgo_final": 100.0, "nivel": "CR\u00cdTICO"}}, {"type": "Feature", "geometry": {"type": "Polygon", "coordinates": [[[-65.5, -31.0], [-65.4, -31.0], [-65.35, -31.05], [-65.4, -31.1], [-65.5, -31.1], [-65.55, -31.05], [-65.5, -31.0]]]}, "properties": {"id": 51, "nombre_x": "Sierras de Guasapampa", "lst_celsius": 25.73626399728562, "nbr": 0.003219727310041716, "ndvi": 0.3670941497741244, "nombre_y": "Sierras de Guasapampa", "precip_60d_mm": 24.95381247484152, "humedad_min": 6.0, "viento_max_kmh": 32.2, "humedad_saocom_pct": 16.3, "riesgo_final": 100.0, "nivel": "CR\u00cdTICO"}}, {"type": "Feature", "geometry": {"type": "Polygon", "coordinates": [[[-65.3, -31.6], [-65.2, -31.6], [-65.15, -31.65], [-65.2, -31.7], [-65.3, -31.7], [-65.35, -31.65], [-65.3, -31.6]]]}, "properties": {"id": 52, "nombre_x": "Sierras de Pocho", "lst_celsius": 21.810143546314066, "nbr": 0.04898480203694255, "ndvi": 0.38827182416541745, "nombre_y": "Sierras de Pocho", "precip_60d_mm": 22.964567816351348, "humedad_min": 9.0, "viento_max_kmh": 29.0, "humedad_saocom_pct": 14.9, "riesgo_final": 100.0, "nivel": "CR\u00cdTICO"}}, {"type": "Feature", "geometry": {"type": "Polygon", "coordinates": [[[-65.0, -32.5], [-64.9, -32.5], [-64.85, -32.55], [-64.9, -32.6], [-65.0, -32.6], [-65.05, -32.55], [-65.0, -32.5]]]}, "properties": {"id": 53, "nombre_x": "Sierras de San Luis (L\u00edmite)", "lst_celsius": 18.651333935221828, "nbr": 0.026313896445786845, "ndvi": 0.3263437109135234, "nombre_y": "Sierras de San Luis (L\u00edmite)", "precip_60d_mm": 17.8515567634777, "humedad_min": 24.0, "viento_max_kmh": 32.1, "humedad_saocom_pct": null, "riesgo_final": 100.0, "nivel": "CR\u00cdTICO"}}, {"type": "Feature", "geometry": {"type": "Polygon", "coordinates": [[[-64.5, -31.6], [-64.4, -31.6], [-64.35, -31.65], [-64.4, -31.7], [-64.5, -31.7], [-64.55, -31.65], [-64.5, -31.6]]]}, "properties": {"id": 54, "nombre_x": "Sur de Punilla", "lst_celsius": 25.64451883494661, "nbr": 0.0879983739964062, "ndvi": 0.39340376762673646, "nombre_y": "Sur de Punilla", "precip_60d_mm": 24.506856030901943, "humedad_min": 9.0, "viento_max_kmh": 30.1, "humedad_saocom_pct": 19.7, "riesgo_final": 100.0, "nivel": "CR\u00cdTICO"}}, {"type": "Feature", "geometry": {"type": "Polygon", "coordinates": [[[-64.7, -32.2], [-64.6, -32.2], [-64.55, -32.25], [-64.6, -32.3], [-64.7, -32.3], [-64.75, -32.25], [-64.7, -32.2]]]}, "properties": {"id": 55, "nombre_x": "Valle de Calamuchita", "lst_celsius": 22.338673187667837, "nbr": 0.06699265194604266, "ndvi": 0.39874284299874585, "nombre_y": "Valle de Calamuchita", "precip_60d_mm": 17.90906282630823, "humedad_min": 15.0, "viento_max_kmh": 26.2, "humedad_saocom_pct": 19.0, "riesgo_final": 100.0, "nivel": "CR\u00cdTICO"}}, {"type": "Feature", "geometry": {"type": "Polygon", "coordinates": [[[-65.1, -31.8], [-65.0, -31.8], [-64.95, -31.85], [-65.0, -31.9], [-65.1, -31.9], [-65.15, -31.85], [-65.1, -31.8]]]}, "properties": {"id": 56, "nombre_x": "Valle de Traslasierra", "lst_celsius": 22.39519057133458, "nbr": 0.051035489235315035, "ndvi": 0.39780267281725046, "nombre_y": "Valle de Traslasierra", "precip_60d_mm": 30.754541662580756, "humedad_min": 12.0, "viento_max_kmh": 28.1, "humedad_saocom_pct": 18.7, "riesgo_final": 100.0, "nivel": "CR\u00cdTICO"}}, {"type": "Feature", "geometry": {"type": "Polygon", "coordinates": [[[-64.2, -31.8], [-64.1, -31.8], [-64.05, -31.85], [-64.1, -31.9], [-64.2, -31.9], [-64.25, -31.85], [-64.2, -31.8]]]}, "properties": {"id": 57, "nombre_x": "Pedemonte Oriental", "lst_celsius": 25.645336743074893, "nbr": -0.0341440087893077, "ndvi": 0.255275841569633, "nombre_y": "Pedemonte Oriental", "precip_60d_mm": 38.902630448028816, "humedad_min": 24.0, "viento_max_kmh": 36.0, "humedad_saocom_pct": 13.0, "riesgo_final": 100.0, "nivel": "CR\u00cdTICO"}}, {"type": "Feature", "geometry": {"type": "Polygon", "coordinates": [[[-63.8, -31.7], [-63.7, -31.7], [-63.65, -31.75], [-63.7, -31.8], [-63.8, -31.8], [-63.85, -31.75], [-63.8, -31.7]]]}, "properties": {"id": 58, "nombre_x": "Cuenca del R\u00edo Xanaes", "lst_celsius": 21.319725502743154, "nbr": 0.1278478113340858, "ndvi": 0.3876311782508573, "nombre_y": "Cuenca del R\u00edo Xanaes", "precip_60d_mm": 50.47535551431983, "humedad_min": 23.0, "viento_max_kmh": 37.5, "humedad_saocom_pct": 14.8, "riesgo_final": 100.0, "nivel": "CR\u00cdTICO"}}, {"type": "Feature", "geometry": {"type": "Polygon", "coordinates": [[[-63.0, -32.5], [-62.9, -32.5], [-62.85, -32.55], [-62.9, -32.6], [-63.0, -32.6], [-63.05, -32.55], [-63.0, -32.5]]]}, "properties": {"id": 59, "nombre_x": "Cuenca del R\u00edo Ctalamochita", "lst_celsius": 19.917289502150652, "nbr": 0.3446465439432786, "ndvi": 0.557350765225976, "nombre_y": "Cuenca del R\u00edo Ctalamochita", "precip_60d_mm": 98.48861954013616, "humedad_min": 31.0, "viento_max_kmh": 38.2, "humedad_saocom_pct": 34.0, "riesgo_final": 100.0, "nivel": "CR\u00cdTICO"}}, {"type": "Feature", "geometry": {"type": "Polygon", "coordinates": [[[-64.0, -33.5], [-63.9, -33.5], [-63.85, -33.55], [-63.9, -33.6], [-64.0, -33.6], [-64.05, -33.55], [-64.0, -33.5]]]}, "properties": {"id": 60, "nombre_x": "Cuenca del R\u00edo Chocancharava", "lst_celsius": 19.46932974162388, "nbr": 0.10095060664873154, "ndvi": 0.3602912745583626, "nombre_y": "Cuenca del R\u00edo Chocancharava", "precip_60d_mm": 43.651834234736036, "humedad_min": 37.0, "viento_max_kmh": 39.0, "humedad_saocom_pct": 21.6, "riesgo_final": 100.0, "nivel": "CR\u00cdTICO"}}, {"type": "Feature", "geometry": {"type": "Polygon", "coordinates": [[[-64.6, -30.5], [-64.5, -30.5], [-64.45, -30.55], [-64.5, -30.6], [-64.6, -30.6], [-64.65, -30.55], [-64.6, -30.5]]]}, "properties": {"id": 61, "nombre_x": "Norte de Ischil\u00edn", "lst_celsius": 21.963387540195185, "nbr": 0.0445803865651491, "ndvi": 0.3893603341071013, "nombre_y": "Norte de Ischil\u00edn", "precip_60d_mm": 37.436323838413884, "humedad_min": 4.0, "viento_max_kmh": 33.3, "humedad_saocom_pct": 11.4, "riesgo_final": 100.0, "nivel": "CR\u00cdTICO"}}, {"type": "Feature", "geometry": {"type": "Polygon", "coordinates": [[[-64.0, -30.0], [-63.9, -30.0], [-63.85, -30.05], [-63.9, -30.1], [-64.0, -30.1], [-64.05, -30.05], [-64.0, -30.0]]]}, "properties": {"id": 62, "nombre_x": "Norte de Tulumba", "lst_celsius": 22.188914707857748, "nbr": 0.11479075823203469, "ndvi": 0.46113727151409784, "nombre_y": "Norte de Tulumba", "precip_60d_mm": 39.37145840621321, "humedad_min": 7.0, "viento_max_kmh": 46.4, "humedad_saocom_pct": 73.9, "riesgo_final": 100.0, "nivel": "CR\u00cdTICO"}}, {"type": "Feature", "geometry": {"type": "Polygon", "coordinates": [[[-63.5, -30.2], [-63.4, -30.2], [-63.35, -30.25], [-63.4, -30.3], [-63.5, -30.3], [-63.55, -30.25], [-63.5, -30.2]]]}, "properties": {"id": 63, "nombre_x": "Norte de R\u00edo Seco", "lst_celsius": 22.90944183066489, "nbr": 0.08166862054163893, "ndvi": 0.38018306414025704, "nombre_y": "Norte de R\u00edo Seco", "precip_60d_mm": 75.84480891705309, "humedad_min": 15.0, "viento_max_kmh": 38.5, "humedad_saocom_pct": 14.6, "riesgo_final": 100.0, "nivel": "CR\u00cdTICO"}}, {"type": "Feature", "geometry": {"type": "Polygon", "coordinates": [[[-64.0, -29.5], [-63.9, -29.5], [-63.85, -29.55], [-63.9, -29.6], [-64.0, -29.6], [-64.05, -29.55], [-64.0, -29.5]]]}, "properties": {"id": 64, "nombre_x": "Oeste de Sobremonte", "lst_celsius": 23.131602566439312, "nbr": 0.009776127556073974, "ndvi": 0.3397643242959803, "nombre_y": "Oeste de Sobremonte", "precip_60d_mm": 28.114452975975894, "humedad_min": 13.0, "viento_max_kmh": 49.8, "humedad_saocom_pct": 15.1, "riesgo_final": 100.0, "nivel": "CR\u00cdTICO"}}, {"type": "Feature", "geometry": {"type": "Polygon", "coordinates": [[[-63.0, -30.0], [-62.9, -30.0], [-62.85, -30.05], [-62.9, -30.1], [-63.0, -30.1], [-63.05, -30.05], [-63.0, -30.0]]]}, "properties": {"id": 65, "nombre_x": "L\u00edmite con Santiago del Estero", "lst_celsius": 19.358118985981662, "nbr": 0.2069836488225236, "ndvi": 0.4019256496439098, "nombre_y": "L\u00edmite con Santiago del Estero", "precip_60d_mm": 91.14957028727572, "humedad_min": 26.0, "viento_max_kmh": 39.0, "humedad_saocom_pct": 87.6, "riesgo_final": 100.0, "nivel": "CR\u00cdTICO"}}, {"type": "Feature", "geometry": {"type": "Polygon", "coordinates": [[[-65.0, -29.8], [-64.9, -29.8], [-64.85, -29.85], [-64.9, -29.9], [-65.0, -29.9], [-65.05, -29.85], [-65.0, -29.8]]]}, "properties": {"id": 66, "nombre_x": "L\u00edmite con Catamarca", "lst_celsius": 20.90651729671896, "nbr": 0.2010147422913491, "ndvi": 0.06467618610060465, "nombre_y": "L\u00edmite con Catamarca", "precip_60d_mm": 12.882076513911773, "humedad_min": 7.0, "viento_max_kmh": 27.2, "humedad_saocom_pct": 9.0, "riesgo_final": 100.0, "nivel": "CR\u00cdTICO"}}, {"type": "Feature", "geometry": {"type": "Polygon", "coordinates": [[[-65.8, -30.8], [-65.7, -30.8], [-65.65, -30.85], [-65.7, -30.9], [-65.8, -30.9], [-65.85, -30.85], [-65.8, -30.8]]]}, "properties": {"id": 67, "nombre_x": "L\u00edmite con La Rioja", "lst_celsius": 24.515691842677086, "nbr": 0.1411982154045117, "ndvi": 0.4334257675001672, "nombre_y": "L\u00edmite con La Rioja", "precip_60d_mm": 22.691398565691642, "humedad_min": 6.0, "viento_max_kmh": 40.0, "humedad_saocom_pct": 9.0, "riesgo_final": 100.0, "nivel": "CR\u00cdTICO"}}, {"type": "Feature", "geometry": {"type": "Polygon", "coordinates": [[[-65.4, -33.0], [-65.3, -33.0], [-65.25, -33.05], [-65.3, -33.1], [-65.4, -33.1], [-65.45, -33.05], [-65.4, -33.0]]]}, "properties": {"id": 68, "nombre_x": "L\u00edmite con San Luis", "lst_celsius": 22.734027439754698, "nbr": -0.007465424679777226, "ndvi": 0.24061371046852956, "nombre_y": "L\u00edmite con San Luis", "precip_60d_mm": 13.836006392126254, "humedad_min": 24.0, "viento_max_kmh": 34.9, "humedad_saocom_pct": null, "riesgo_final": 100.0, "nivel": "CR\u00cdTICO"}}, {"type": "Feature", "geometry": {"type": "Polygon", "coordinates": [[[-65.0, -35.0], [-64.9, -35.0], [-64.85, -35.05], [-64.9, -35.1], [-65.0, -35.1], [-65.05, -35.05], [-65.0, -35.0]]]}, "properties": {"id": 69, "nombre_x": "L\u00edmite con La Pampa", "lst_celsius": 19.10745877486272, "nbr": 0.0756160504340504, "ndvi": 0.360256983122796, "nombre_y": "L\u00edmite con La Pampa", "precip_60d_mm": 36.43279394523044, "humedad_min": 28.0, "viento_max_kmh": 41.3, "humedad_saocom_pct": 21.8, "riesgo_final": 100.0, "nivel": "CR\u00cdTICO"}}, {"type": "Feature", "geometry": {"type": "Polygon", "coordinates": [[[-63.3, -34.5], [-63.2, -34.5], [-63.15, -34.55], [-63.2, -34.6], [-63.3, -34.6], [-63.35, -34.55], [-63.3, -34.5]]]}, "properties": {"id": 70, "nombre_x": "L\u00edmite con Buenos Aires", "lst_celsius": 17.551671566290906, "nbr": 0.22551478971644687, "ndvi": 0.45142064423720757, "nombre_y": "L\u00edmite con Buenos Aires", "precip_60d_mm": 71.28088394964483, "humedad_min": 48.0, "viento_max_kmh": 39.3, "humedad_saocom_pct": null, "riesgo_final": 100.0, "nivel": "CR\u00cdTICO"}}, {"type": "Feature", "geometry": {"type": "Polygon", "coordinates": [[[-61.8, -32.5], [-61.7, -32.5], [-61.65, -32.55], [-61.7, -32.6], [-61.8, -32.6], [-61.85, -32.55], [-61.8, -32.5]]]}, "properties": {"id": 71, "nombre_x": "L\u00edmite con Santa Fe", "lst_celsius": 17.953348443525044, "nbr": 0.21578536197476303, "ndvi": 0.48966970465881676, "nombre_y": "L\u00edmite con Santa Fe", "precip_60d_mm": 180.91790795274287, "humedad_min": 38.0, "viento_max_kmh": 33.8, "humedad_saocom_pct": null, "riesgo_final": 100.0, "nivel": "CR\u00cdTICO"}}, {"type": "Feature", "geometry": {"type": "Polygon", "coordinates": [[[-63.6, -31.3], [-63.5, -31.3], [-63.45, -31.35], [-63.5, -31.4], [-63.6, -31.4], [-63.65, -31.35], [-63.6, -31.3]]]}, "properties": {"id": 72, "nombre_x": "R\u00edo Primero (Ciudad)", "lst_celsius": 17.375934117594568, "nbr": 0.15523666555042873, "ndvi": 0.36966526281091644, "nombre_y": "R\u00edo Primero (Ciudad)", "precip_60d_mm": 94.51289407716595, "humedad_min": 23.0, "viento_max_kmh": 40.7, "humedad_saocom_pct": 16.9, "riesgo_final": 100.0, "nivel": "CR\u00cdTICO"}}, {"type": "Feature", "geometry": {"type": "Polygon", "coordinates": [[[-63.9, -31.6], [-63.8, -31.6], [-63.75, -31.65], [-63.8, -31.7], [-63.9, -31.7], [-63.95, -31.65], [-63.9, -31.6]]]}, "properties": {"id": 73, "nombre_x": "R\u00edo Segundo (Ciudad)", "lst_celsius": 22.125626506327592, "nbr": 0.06824002829813477, "ndvi": 0.338231398233754, "nombre_y": "R\u00edo Segundo (Ciudad)", "precip_60d_mm": 57.86342418950602, "humedad_min": 22.0, "viento_max_kmh": 37.1, "humedad_saocom_pct": 14.6, "riesgo_final": 100.0, "nivel": "CR\u00cdTICO"}}, {"type": "Feature", "geometry": {"type": "Polygon", "coordinates": [[[-63.8, -31.7], [-63.7, -31.7], [-63.65, -31.75], [-63.7, -31.8], [-63.8, -31.8], [-63.85, -31.75], [-63.8, -31.7]]]}, "properties": {"id": 74, "nombre_x": "Pilar (Ciudad)", "lst_celsius": 21.319725502743154, "nbr": 0.1278478113340858, "ndvi": 0.3876311782508573, "nombre_y": "Pilar (Ciudad)", "precip_60d_mm": 50.47535551431983, "humedad_min": 23.0, "viento_max_kmh": 37.5, "humedad_saocom_pct": 14.8, "riesgo_final": 100.0, "nivel": "CR\u00cdTICO"}}, {"type": "Feature", "geometry": {"type": "Polygon", "coordinates": [[[-63.8, -31.8], [-63.7, -31.8], [-63.65, -31.85], [-63.7, -31.9], [-63.8, -31.9], [-63.85, -31.85], [-63.8, -31.8]]]}, "properties": {"id": 75, "nombre_x": "Laguna Larga", "lst_celsius": 22.109321887202668, "nbr": 0.09183995657324776, "ndvi": 0.34462593880717035, "nombre_y": "Laguna Larga", "precip_60d_mm": 53.16189869215753, "humedad_min": 25.0, "viento_max_kmh": 39.3, "humedad_saocom_pct": 19.1, "riesgo_final": 100.0, "nivel": "CR\u00cdTICO"}}, {"type": "Feature", "geometry": {"type": "Polygon", "coordinates": [[[-63.6, -32.0], [-63.5, -32.0], [-63.45, -32.05], [-63.5, -32.1], [-63.6, -32.1], [-63.65, -32.05], [-63.6, -32.0]]]}, "properties": {"id": 76, "nombre_x": "Oliva (Ciudad)", "lst_celsius": 20.6705872193437, "nbr": 0.13506331454382878, "ndvi": 0.38017166768018784, "nombre_y": "Oliva (Ciudad)", "precip_60d_mm": 61.37824143680352, "humedad_min": 25.0, "viento_max_kmh": 38.2, "humedad_saocom_pct": 19.0, "riesgo_final": 100.0, "nivel": "CR\u00cdTICO"}}, {"type": "Feature", "geometry": {"type": "Polygon", "coordinates": [[[-63.5, -32.2], [-63.4, -32.2], [-63.35, -32.25], [-63.4, -32.3], [-63.5, -32.3], [-63.55, -32.25], [-63.5, -32.2]]]}, "properties": {"id": 77, "nombre_x": "James Craik", "lst_celsius": 21.463185470968426, "nbr": 0.17185328557419408, "ndvi": 0.4257409248070679, "nombre_y": "James Craik", "precip_60d_mm": 62.10154735304774, "humedad_min": 29.0, "viento_max_kmh": 39.7, "humedad_saocom_pct": 172.7, "riesgo_final": 100.0, "nivel": "CR\u00cdTICO"}}, {"type": "Feature", "geometry": {"type": "Polygon", "coordinates": [[[-63.2, -32.4], [-63.1, -32.4], [-63.05, -32.45], [-63.1, -32.5], [-63.2, -32.5], [-63.25, -32.45], [-63.2, -32.4]]]}, "properties": {"id": 78, "nombre_x": "Villa Mar\u00eda", "lst_celsius": 20.44407478124708, "nbr": 0.2824030217993321, "ndvi": 0.5064130208854126, "nombre_y": "Villa Mar\u00eda", "precip_60d_mm": 89.61918881407315, "humedad_min": 31.0, "viento_max_kmh": 37.9, "humedad_saocom_pct": 45.0, "riesgo_final": 100.0, "nivel": "CR\u00cdTICO"}}, {"type": "Feature", "geometry": {"type": "Polygon", "coordinates": [[[-63.3, -32.4], [-63.2, -32.4], [-63.15, -32.45], [-63.2, -32.5], [-63.3, -32.5], [-63.35, -32.45], [-63.3, -32.4]]]}, "properties": {"id": 79, "nombre_x": "Villa Nueva", "lst_celsius": 20.781523138680768, "nbr": 0.29410412369778416, "ndvi": 0.4918014813956552, "nombre_y": "Villa Nueva", "precip_60d_mm": 83.22270867058164, "humedad_min": 32.0, "viento_max_kmh": 38.1, "humedad_saocom_pct": 52.1, "riesgo_final": 100.0, "nivel": "CR\u00cdTICO"}}, {"type": "Feature", "geometry": {"type": "Polygon", "coordinates": [[[-63.7, -32.4], [-63.6, -32.4], [-63.55, -32.45], [-63.6, -32.5], [-63.7, -32.5], [-63.75, -32.45], [-63.7, -32.4]]]}, "properties": {"id": 80, "nombre_x": "Hernando", "lst_celsius": 21.735142747075145, "nbr": 0.1477788436463233, "ndvi": 0.38697309966431875, "nombre_y": "Hernando", "precip_60d_mm": 52.79672684036547, "humedad_min": 31.0, "viento_max_kmh": 39.9, "humedad_saocom_pct": 26.9, "riesgo_final": 100.0, "nivel": "CR\u00cdTICO"}}, {"type": "Feature", "geometry": {"type": "Polygon", "coordinates": [[[-63.9, -32.8], [-63.8, -32.8], [-63.75, -32.85], [-63.8, -32.9], [-63.9, -32.9], [-63.95, -32.85], [-63.9, -32.8]]]}, "properties": {"id": 81, "nombre_x": "General Cabrera", "lst_celsius": 22.83929324012439, "nbr": 0.11004263883752637, "ndvi": 0.35470333002174087, "nombre_y": "General Cabrera", "precip_60d_mm": 45.41287716542642, "humedad_min": 32.0, "viento_max_kmh": 40.0, "humedad_saocom_pct": 18.0, "riesgo_final": 100.0, "nivel": "CR\u00cdTICO"}}, {"type": "Feature", "geometry": {"type": "Polygon", "coordinates": [[[-63.8, -32.7], [-63.7, -32.7], [-63.65, -32.75], [-63.7, -32.8], [-63.8, -32.8], [-63.85, -32.75], [-63.8, -32.7]]]}, "properties": {"id": 82, "nombre_x": "General Deheza", "lst_celsius": 23.33216187333022, "nbr": 0.10670811121320699, "ndvi": 0.34700587213760253, "nombre_y": "General Deheza", "precip_60d_mm": 48.00363181710182, "humedad_min": 31.0, "viento_max_kmh": 40.5, "humedad_saocom_pct": 20.2, "riesgo_final": 100.0, "nivel": "CR\u00cdTICO"}}, {"type": "Feature", "geometry": {"type": "Polygon", "coordinates": [[[-63.7, -32.6], [-63.6, -32.6], [-63.55, -32.65], [-63.6, -32.7], [-63.7, -32.7], [-63.75, -32.65], [-63.7, -32.6]]]}, "properties": {"id": 83, "nombre_x": "Las Perdices", "lst_celsius": 21.852736173857636, "nbr": 0.15316943178049947, "ndvi": 0.3758455622917636, "nombre_y": "Las Perdices", "precip_60d_mm": 56.141445179165615, "humedad_min": 31.0, "viento_max_kmh": 39.9, "humedad_saocom_pct": 25.6, "riesgo_final": 100.0, "nivel": "CR\u00cdTICO"}}, {"type": "Feature", "geometry": {"type": "Polygon", "coordinates": [[[-62.2, -33.3], [-62.1, -33.3], [-62.05, -33.35], [-62.1, -33.4], [-62.2, -33.4], [-62.25, -33.35], [-62.2, -33.3]]]}, "properties": {"id": 84, "nombre_x": "Corral de Bustos", "lst_celsius": 20.0124200860501, "nbr": 0.16802125824282024, "ndvi": 0.4395900650879151, "nombre_y": "Corral de Bustos", "precip_60d_mm": 105.3539215522492, "humedad_min": 44.0, "viento_max_kmh": 33.2, "humedad_saocom_pct": 36.1, "riesgo_final": 100.0, "nivel": "CR\u00cdTICO"}}, {"type": "Feature", "geometry": {"type": "Polygon", "coordinates": [[[-62.4, -33.6], [-62.3, -33.6], [-62.25, -33.65], [-62.3, -33.7], [-62.4, -33.7], [-62.45, -33.65], [-62.4, -33.6]]]}, "properties": {"id": 85, "nombre_x": "Arias", "lst_celsius": 18.875494636854967, "nbr": 0.2163730629895609, "ndvi": 0.4391889711371185, "nombre_y": "Arias", "precip_60d_mm": 88.04185120541565, "humedad_min": 44.0, "viento_max_kmh": 33.9, "humedad_saocom_pct": 31.8, "riesgo_final": 100.0, "nivel": "CR\u00cdTICO"}}, {"type": "Feature", "geometry": {"type": "Polygon", "coordinates": [[[-62.9, -33.6], [-62.8, -33.6], [-62.75, -33.65], [-62.8, -33.7], [-62.9, -33.7], [-62.95, -33.65], [-62.9, -33.6]]]}, "properties": {"id": 86, "nombre_x": "Canals", "lst_celsius": 19.012592428559287, "nbr": 0.24457881333026746, "ndvi": 0.44408130882382185, "nombre_y": "Canals", "precip_60d_mm": 89.05747473304754, "humedad_min": 42.0, "viento_max_kmh": 40.5, "humedad_saocom_pct": 19.3, "riesgo_final": 100.0, "nivel": "CR\u00cdTICO"}}, {"type": "Feature", "geometry": {"type": "Polygon", "coordinates": [[[-63.4, -34.1], [-63.3, -34.1], [-63.25, -34.15], [-63.3, -34.2], [-63.4, -34.2], [-63.45, -34.15], [-63.4, -34.1]]]}, "properties": {"id": 87, "nombre_x": "Laboulaye", "lst_celsius": 19.258016263698778, "nbr": 0.1932640914686852, "ndvi": 0.4121480361475691, "nombre_y": "Laboulaye", "precip_60d_mm": 80.74719693795788, "humedad_min": 46.0, "viento_max_kmh": 41.1, "humedad_saocom_pct": 21.2, "riesgo_final": 100.0, "nivel": "CR\u00cdTICO"}}, {"type": "Feature", "geometry": {"type": "Polygon", "coordinates": [[[-63.5, -34.5], [-63.4, -34.5], [-63.35, -34.55], [-63.4, -34.6], [-63.5, -34.6], [-63.55, -34.55], [-63.5, -34.5]]]}, "properties": {"id": 88, "nombre_x": "Serrano", "lst_celsius": 17.540061411511658, "nbr": 0.20922569045710798, "ndvi": 0.44345926629603927, "nombre_y": "Serrano", "precip_60d_mm": 72.43592147597107, "humedad_min": 49.0, "viento_max_kmh": 38.5, "humedad_saocom_pct": 20.5, "riesgo_final": 100.0, "nivel": "CR\u00cdTICO"}}, {"type": "Feature", "geometry": {"type": "Polygon", "coordinates": [[[-64.4, -33.9], [-64.3, -33.9], [-64.25, -33.95], [-64.3, -34.0], [-64.4, -34.0], [-64.45, -33.95], [-64.4, -33.9]]]}, "properties": {"id": 89, "nombre_x": "Vicu\u00f1a Mackenna", "lst_celsius": 19.008434064481776, "nbr": 0.2802358424354544, "ndvi": 0.47749774760242203, "nombre_y": "Vicu\u00f1a Mackenna", "precip_60d_mm": 41.33748134535983, "humedad_min": 34.0, "viento_max_kmh": 41.8, "humedad_saocom_pct": 17.1, "riesgo_final": 100.0, "nivel": "CR\u00cdTICO"}}, {"type": "Feature", "geometry": {"type": "Polygon", "coordinates": [[[-64.0, -33.6], [-63.9, -33.6], [-63.85, -33.65], [-63.9, -33.7], [-64.0, -33.7], [-64.05, -33.65], [-64.0, -33.6]]]}, "properties": {"id": 90, "nombre_x": "Adelia Mar\u00eda", "lst_celsius": 18.29129840531249, "nbr": 0.19686384384631142, "ndvi": 0.42517371974499973, "nombre_y": "Adelia Mar\u00eda", "precip_60d_mm": 45.998039702325656, "humedad_min": 36.0, "viento_max_kmh": 38.9, "humedad_saocom_pct": 21.6, "riesgo_final": 100.0, "nivel": "CR\u00cdTICO"}}, {"type": "Feature", "geometry": {"type": "Polygon", "coordinates": [[[-64.5, -33.5], [-64.4, -33.5], [-64.35, -33.55], [-64.4, -33.6], [-64.5, -33.6], [-64.55, -33.55], [-64.5, -33.5]]]}, "properties": {"id": 91, "nombre_x": "Bulnes", "lst_celsius": 18.79637817855155, "nbr": 0.14099765166409106, "ndvi": 0.38959138228828605, "nombre_y": "Bulnes", "precip_60d_mm": 37.227586022954426, "humedad_min": 27.0, "viento_max_kmh": 37.5, "humedad_saocom_pct": 21.0, "riesgo_final": 100.0, "nivel": "CR\u00cdTICO"}}, {"type": "Feature", "geometry": {"type": "Polygon", "coordinates": [[[-64.6, -33.6], [-64.5, -33.6], [-64.45, -33.65], [-64.5, -33.7], [-64.6, -33.7], [-64.65, -33.65], [-64.6, -33.6]]]}, "properties": {"id": 92, "nombre_x": "Coronel Moldes", "lst_celsius": 18.683982749178654, "nbr": 0.09331236932516462, "ndvi": 0.3521346103578383, "nombre_y": "Coronel Moldes", "precip_60d_mm": 36.83400614666783, "humedad_min": 30.0, "viento_max_kmh": 39.5, "humedad_saocom_pct": 21.0, "riesgo_final": 100.0, "nivel": "CR\u00cdTICO"}}, {"type": "Feature", "geometry": {"type": "Polygon", "coordinates": [[[-64.3, -34.2], [-64.2, -34.2], [-64.15, -34.25], [-64.2, -34.3], [-64.3, -34.3], [-64.35, -34.25], [-64.3, -34.2]]]}, "properties": {"id": 93, "nombre_x": "La Cautiva", "lst_celsius": 18.517957405614823, "nbr": 0.1816959380706994, "ndvi": 0.38440479937137056, "nombre_y": "La Cautiva", "precip_60d_mm": 46.343055694669246, "humedad_min": 34.0, "viento_max_kmh": 39.5, "humedad_saocom_pct": 18.6, "riesgo_final": 100.0, "nivel": "CR\u00cdTICO"}}, {"type": "Feature", "geometry": {"type": "Polygon", "coordinates": [[[-63.0, -35.0], [-62.9, -35.0], [-62.85, -35.05], [-62.9, -35.1], [-63.0, -35.1], [-63.05, -35.05], [-63.0, -35.0]]]}, "properties": {"id": 94, "nombre_x": "General Villegas (L\u00edmite)", "lst_celsius": 18.06200063242926, "nbr": 0.20583767627457142, "ndvi": 0.42483890414323583, "nombre_y": "General Villegas (L\u00edmite)", "precip_60d_mm": 67.05858711366199, "humedad_min": 52.0, "viento_max_kmh": 37.3, "humedad_saocom_pct": null, "riesgo_final": 100.0, "nivel": "CR\u00cdTICO"}}, {"type": "Feature", "geometry": {"type": "Polygon", "coordinates": [[[-65.2, -34.0], [-65.1, -34.0], [-65.05, -34.05], [-65.1, -34.1], [-65.2, -34.1], [-65.25, -34.05], [-65.2, -34.0]]]}, "properties": {"id": 95, "nombre_x": "R\u00edo Bamba (L\u00edmite)", "lst_celsius": 18.71226096528966, "nbr": 0.19675138971960987, "ndvi": 0.4231229207933634, "nombre_y": "R\u00edo Bamba (L\u00edmite)", "precip_60d_mm": 44.19774855264644, "humedad_min": 20.0, "viento_max_kmh": 36.8, "humedad_saocom_pct": 19.3, "riesgo_final": 100.0, "nivel": "CR\u00cdTICO"}}, {"type": "Feature", "geometry": {"type": "Polygon", "coordinates": [[[-65.1, -32.3], [-65.0, -32.3], [-64.95, -32.35], [-65.0, -32.4], [-65.1, -32.4], [-65.15, -32.35], [-65.1, -32.3]]]}, "properties": {"id": 96, "nombre_x": "San Javier (Traslasierra)", "lst_celsius": 21.38932994657091, "nbr": 0.13503650316768095, "ndvi": 0.43572166216278746, "nombre_y": "San Javier (Traslasierra)", "precip_60d_mm": 30.09752202834143, "humedad_min": 25.0, "viento_max_kmh": 33.6, "humedad_saocom_pct": 18.0, "riesgo_final": 100.0, "nivel": "CR\u00cdTICO"}}, {"type": "Feature", "geometry": {"type": "Polygon", "coordinates": [[[-65.2, -32.5], [-65.1, -32.5], [-65.05, -32.55], [-65.1, -32.6], [-65.2, -32.6], [-65.25, -32.55], [-65.2, -32.5]]]}, "properties": {"id": 97, "nombre_x": "La Paz (Traslasierra)", "lst_celsius": 21.687596438415312, "nbr": 0.041706999547499714, "ndvi": 0.3435898384989183, "nombre_y": "La Paz (Traslasierra)", "precip_60d_mm": 29.397912724678715, "humedad_min": 25.0, "viento_max_kmh": 33.6, "humedad_saocom_pct": null, "riesgo_final": 100.0, "nivel": "CR\u00cdTICO"}}, {"type": "Feature", "geometry": {"type": "Polygon", "coordinates": [[[-65.4, -31.9], [-65.3, -31.9], [-65.25, -31.95], [-65.3, -32.0], [-65.4, -32.0], [-65.45, -31.95], [-65.4, -31.9]]]}, "properties": {"id": 98, "nombre_x": "Villa Sarmiento", "lst_celsius": 21.747940493292447, "nbr": 0.07443602396951554, "ndvi": 0.36988109716033085, "nombre_y": "Villa Sarmiento", "precip_60d_mm": 36.748226617103974, "humedad_min": 12.0, "viento_max_kmh": 45.0, "humedad_saocom_pct": 20.0, "riesgo_final": 100.0, "nivel": "CR\u00cdTICO"}}, {"type": "Feature", "geometry": {"type": "Polygon", "coordinates": [[[-64.8, -31.1], [-64.7, -31.1], [-64.65, -31.15], [-64.7, -31.2], [-64.8, -31.2], [-64.85, -31.15], [-64.8, -31.1]]]}, "properties": {"id": 99, "nombre_x": "San Pedro (Norte)", "lst_celsius": 17.684422967242767, "nbr": 0.03067408151932251, "ndvi": 0.32021417349573417, "nombre_y": "San Pedro (Norte)", "precip_60d_mm": 11.007496307460357, "humedad_min": 8.0, "viento_max_kmh": 31.3, "humedad_saocom_pct": 19.0, "riesgo_final": 100.0, "nivel": "CR\u00cdTICO"}}, {"type": "Feature", "geometry": {"type": "Polygon", "coordinates": [[[-64.4, -31.9], [-64.3, -31.9], [-64.25, -31.95], [-64.3, -32.0], [-64.4, -32.0], [-64.45, -31.95], [-64.4, -31.9]]]}, "properties": {"id": 100, "nombre_x": "San Agust\u00edn", "lst_celsius": 26.256295200423722, "nbr": 0.0906401445623139, "ndvi": 0.37707950873840906, "nombre_y": "San Agust\u00edn", "precip_60d_mm": 30.446364032265777, "humedad_min": 24.0, "viento_max_kmh": 31.4, "humedad_saocom_pct": 18.7, "riesgo_final": 100.0, "nivel": "CR\u00cdTICO"}}, {"type": "Feature", "geometry": {"type": "Polygon", "coordinates": [[[-64.3, -31.8], [-64.2, -31.8], [-64.15, -31.85], [-64.2, -31.9], [-64.3, -31.9], [-64.35, -31.85], [-64.3, -31.8]]]}, "properties": {"id": 101, "nombre_x": "Despe\u00f1aderos", "lst_celsius": 25.860457399214624, "nbr": -0.023013531331154528, "ndvi": 0.25879045232192543, "nombre_y": "Despe\u00f1aderos", "precip_60d_mm": 36.83050752035976, "humedad_min": 24.0, "viento_max_kmh": 31.4, "humedad_saocom_pct": 14.2, "riesgo_final": 100.0, "nivel": "CR\u00cdTICO"}}, {"type": "Feature", "geometry": {"type": "Polygon", "coordinates": [[[-64.0, -31.6], [-63.9, -31.6], [-63.85, -31.65], [-63.9, -31.7], [-64.0, -31.7], [-64.05, -31.65], [-64.0, -31.6]]]}, "properties": {"id": 102, "nombre_x": "Toledo", "lst_celsius": 24.151598641861654, "nbr": 0.009488277293649249, "ndvi": 0.28336787829596044, "nombre_y": "Toledo", "precip_60d_mm": 54.51847255386311, "humedad_min": 22.0, "viento_max_kmh": 35.7, "humedad_saocom_pct": 13.4, "riesgo_final": 100.0, "nivel": "CR\u00cdTICO"}}, {"type": "Feature", "geometry": {"type": "Polygon", "coordinates": [[[-64.0, -31.4], [-63.9, -31.4], [-63.85, -31.45], [-63.9, -31.5], [-64.0, -31.5], [-64.05, -31.45], [-64.0, -31.4]]]}, "properties": {"id": 103, "nombre_x": "Monte Cristo", "lst_celsius": 24.472492290337698, "nbr": -0.034749780308010625, "ndvi": 0.2666876069050874, "nombre_y": "Monte Cristo", "precip_60d_mm": 77.5666573732404, "humedad_min": 21.0, "viento_max_kmh": 35.3, "humedad_saocom_pct": 14.2, "riesgo_final": 100.0, "nivel": "CR\u00cdTICO"}}, {"type": "Feature", "geometry": {"type": "Polygon", "coordinates": [[[-64.1, -31.4], [-64.0, -31.4], [-63.95, -31.45], [-64.0, -31.5], [-64.1, -31.5], [-64.15, -31.45], [-64.1, -31.4]]]}, "properties": {"id": 104, "nombre_x": "Malvinas Argentinas", "lst_celsius": 24.63756770488044, "nbr": 0.046009332149086486, "ndvi": 0.30525695014071175, "nombre_y": "Malvinas Argentinas", "precip_60d_mm": 78.53216241613774, "humedad_min": 21.0, "viento_max_kmh": 35.3, "humedad_saocom_pct": 76.7, "riesgo_final": 100.0, "nivel": "CR\u00cdTICO"}}, {"type": "Feature", "geometry": {"type": "Polygon", "coordinates": [[[-63.9, -31.3], [-63.8, -31.3], [-63.75, -31.35], [-63.8, -31.4], [-63.9, -31.4], [-63.95, -31.35], [-63.9, -31.3]]]}, "properties": {"id": 105, "nombre_x": "Mi Granja", "lst_celsius": 21.78826928530276, "nbr": 0.025164790555871452, "ndvi": 0.30055112243802146, "nombre_y": "Mi Granja", "precip_60d_mm": 81.20147762606301, "humedad_min": 22.0, "viento_max_kmh": 37.3, "humedad_saocom_pct": 17.2, "riesgo_final": 100.0, "nivel": "CR\u00cdTICO"}}, {"type": "Feature", "geometry": {"type": "Polygon", "coordinates": [[[-64.5, -33.3], [-64.4, -33.3], [-64.35, -33.35], [-64.4, -33.4], [-64.5, -33.4], [-64.55, -33.35], [-64.5, -33.3]]]}, "properties": {"id": 106, "nombre_x": "Malena", "lst_celsius": 20.440675391910645, "nbr": 0.09201983157589055, "ndvi": 0.33980395688876835, "nombre_y": "Malena", "precip_60d_mm": 34.318428732165515, "humedad_min": 28.0, "viento_max_kmh": 38.2, "humedad_saocom_pct": 21.0, "riesgo_final": 100.0, "nivel": "CR\u00cdTICO"}}, {"type": "Feature", "geometry": {"type": "Polygon", "coordinates": [[[-62.8, -33.2], [-62.7, -33.2], [-62.65, -33.25], [-62.7, -33.3], [-62.8, -33.3], [-62.85, -33.25], [-62.8, -33.2]]]}, "properties": {"id": 107, "nombre_x": "Santa Eufemia", "lst_celsius": 21.365930578396842, "nbr": 0.08720245151643201, "ndvi": 0.369018627329826, "nombre_y": "Santa Eufemia", "precip_60d_mm": 98.89171982487, "humedad_min": 39.0, "viento_max_kmh": 35.9, "humedad_saocom_pct": 29.0, "riesgo_final": 100.0, "nivel": "CR\u00cdTICO"}}, {"type": "Feature", "geometry": {"type": "Polygon", "coordinates": [[[-63.0, -33.0], [-62.9, -33.0], [-62.85, -33.05], [-62.9, -33.1], [-63.0, -33.1], [-63.05, -33.05], [-63.0, -33.0]]]}, "properties": {"id": 108, "nombre_x": "Chaz\u00f3n", "lst_celsius": 21.66659534437099, "nbr": 0.16664407568741352, "ndvi": 0.434821676234966, "nombre_y": "Chaz\u00f3n", "precip_60d_mm": 76.54289038257879, "humedad_min": 34.0, "viento_max_kmh": 36.5, "humedad_saocom_pct": 30.5, "riesgo_final": 100.0, "nivel": "CR\u00cdTICO"}}, {"type": "Feature", "geometry": {"type": "Polygon", "coordinates": [[[-62.8, -33.5], [-62.7, -33.5], [-62.65, -33.55], [-62.7, -33.6], [-62.8, -33.6], [-62.85, -33.55], [-62.8, -33.5]]]}, "properties": {"id": 109, "nombre_x": "Pascanas", "lst_celsius": 19.185921435871137, "nbr": 0.22177765322834203, "ndvi": 0.43228151064611886, "nombre_y": "Pascanas", "precip_60d_mm": 96.01671429510571, "humedad_min": 41.0, "viento_max_kmh": 37.2, "humedad_saocom_pct": 20.9, "riesgo_final": 100.0, "nivel": "CR\u00cdTICO"}}, {"type": "Feature", "geometry": {"type": "Polygon", "coordinates": [[[-63.5, -33.0], [-63.4, -33.0], [-63.35, -33.05], [-63.4, -33.1], [-63.5, -33.1], [-63.55, -33.05], [-63.5, -33.0]]]}, "properties": {"id": 110, "nombre_x": "Ucacha", "lst_celsius": 21.742402763718133, "nbr": 0.20802599663922847, "ndvi": 0.4426495502469739, "nombre_y": "Ucacha", "precip_60d_mm": 82.9419867104175, "humedad_min": 34.0, "viento_max_kmh": 39.5, "humedad_saocom_pct": 23.3, "riesgo_final": 100.0, "nivel": "CR\u00cdTICO"}}, {"type": "Feature", "geometry": {"type": "Polygon", "coordinates": [[[-63.2, -32.9], [-63.1, -32.9], [-63.05, -32.95], [-63.1, -33.0], [-63.2, -33.0], [-63.25, -32.95], [-63.2, -32.9]]]}, "properties": {"id": 111, "nombre_x": "Etruria", "lst_celsius": 21.794765246770737, "nbr": 0.17935529262212369, "ndvi": 0.43831865183241325, "nombre_y": "Etruria", "precip_60d_mm": 90.54619093842396, "humedad_min": 33.0, "viento_max_kmh": 36.6, "humedad_saocom_pct": 26.2, "riesgo_final": 100.0, "nivel": "CR\u00cdTICO"}}, {"type": "Feature", "geometry": {"type": "Polygon", "coordinates": [[[-63.1, -32.7], [-63.0, -32.7], [-62.95, -32.75], [-63.0, -32.8], [-63.1, -32.8], [-63.15, -32.75], [-63.1, -32.7]]]}, "properties": {"id": 112, "nombre_x": "La Laguna", "lst_celsius": 20.421041521936502, "nbr": 0.2827020901487401, "ndvi": 0.5262851857375126, "nombre_y": "La Laguna", "precip_60d_mm": 90.5567064037733, "humedad_min": 34.0, "viento_max_kmh": 38.1, "humedad_saocom_pct": 37.8, "riesgo_final": 100.0, "nivel": "CR\u00cdTICO"}}, {"type": "Feature", "geometry": {"type": "Polygon", "coordinates": [[[-62.9, -32.0], [-62.8, -32.0], [-62.75, -32.05], [-62.8, -32.1], [-62.9, -32.1], [-62.95, -32.05], [-62.9, -32.0]]]}, "properties": {"id": 113, "nombre_x": "Pozo del Molle", "lst_celsius": 18.682234096692127, "nbr": 0.37066305540267075, "ndvi": 0.5766528941208098, "nombre_y": "Pozo del Molle", "precip_60d_mm": 102.2077575766748, "humedad_min": 30.0, "viento_max_kmh": 37.7, "humedad_saocom_pct": 16.9, "riesgo_final": 100.0, "nivel": "CR\u00cdTICO"}}, {"type": "Feature", "geometry": {"type": "Polygon", "coordinates": [[[-62.7, -31.9], [-62.6, -31.9], [-62.55, -31.95], [-62.6, -32.0], [-62.7, -32.0], [-62.75, -31.95], [-62.7, -31.9]]]}, "properties": {"id": 114, "nombre_x": "Las Varillas", "lst_celsius": 18.835052301492965, "nbr": 0.23182503887223835, "ndvi": 0.48068969231873787, "nombre_y": "Las Varillas", "precip_60d_mm": 111.71015285069646, "humedad_min": 31.0, "viento_max_kmh": 38.9, "humedad_saocom_pct": 22.2, "riesgo_final": 100.0, "nivel": "CR\u00cdTICO"}}, {"type": "Feature", "geometry": {"type": "Polygon", "coordinates": [[[-62.9, -31.7], [-62.8, -31.7], [-62.75, -31.75], [-62.8, -31.8], [-62.9, -31.8], [-62.95, -31.75], [-62.9, -31.7]]]}, "properties": {"id": 115, "nombre_x": "El Ara\u00f1ado", "lst_celsius": 18.312614069459187, "nbr": 0.2945464531044966, "ndvi": 0.5093018156151781, "nombre_y": "El Ara\u00f1ado", "precip_60d_mm": 110.44133637910372, "humedad_min": 29.0, "viento_max_kmh": 39.6, "humedad_saocom_pct": 26.8, "riesgo_final": 100.0, "nivel": "CR\u00cdTICO"}}, {"type": "Feature", "geometry": {"type": "Polygon", "coordinates": [[[-63.0, -31.7], [-62.9, -31.7], [-62.85, -31.75], [-62.9, -31.8], [-63.0, -31.8], [-63.05, -31.75], [-63.0, -31.7]]]}, "properties": {"id": 116, "nombre_x": "Sacanta", "lst_celsius": 18.304381832532613, "nbr": 0.4052633237992335, "ndvi": 0.5933169222324295, "nombre_y": "Sacanta", "precip_60d_mm": 106.92714547461182, "humedad_min": 28.0, "viento_max_kmh": 40.9, "humedad_saocom_pct": 21.0, "riesgo_final": 100.0, "nivel": "CR\u00cdTICO"}}, {"type": "Feature", "geometry": {"type": "Polygon", "coordinates": [[[-63.4, -31.6], [-63.3, -31.6], [-63.25, -31.65], [-63.3, -31.7], [-63.4, -31.7], [-63.45, -31.65], [-63.4, -31.6]]]}, "properties": {"id": 117, "nombre_x": "Luque", "lst_celsius": 19.066811628947733, "nbr": 0.27907239692211594, "ndvi": 0.4975643947709818, "nombre_y": "Luque", "precip_60d_mm": 97.7279163225821, "humedad_min": 25.0, "viento_max_kmh": 39.0, "humedad_saocom_pct": 17.0, "riesgo_final": 100.0, "nivel": "CR\u00cdTICO"}}, {"type": "Feature", "geometry": {"type": "Polygon", "coordinates": [[[-63.2, -31.5], [-63.1, -31.5], [-63.05, -31.55], [-63.1, -31.6], [-63.2, -31.6], [-63.25, -31.55], [-63.2, -31.5]]]}, "properties": {"id": 118, "nombre_x": "Calch\u00edn", "lst_celsius": 18.42395333876584, "nbr": 0.2847826841599599, "ndvi": 0.48383108774657396, "nombre_y": "Calch\u00edn", "precip_60d_mm": 103.970652364308, "humedad_min": 28.0, "viento_max_kmh": 39.4, "humedad_saocom_pct": 13.1, "riesgo_final": 100.0, "nivel": "CR\u00cdTICO"}}, {"type": "Feature", "geometry": {"type": "Polygon", "coordinates": [[[-63.1, -31.8], [-63.0, -31.8], [-62.95, -31.85], [-63.0, -31.9], [-63.1, -31.9], [-63.15, -31.85], [-63.1, -31.8]]]}, "properties": {"id": 119, "nombre_x": "Carrilobo", "lst_celsius": 19.015158689340467, "nbr": 0.25939730875789413, "ndvi": 0.4921623169059433, "nombre_y": "Carrilobo", "precip_60d_mm": 101.64536866669138, "humedad_min": 28.0, "viento_max_kmh": 37.6, "humedad_saocom_pct": 15.9, "riesgo_final": 100.0, "nivel": "CR\u00cdTICO"}}, {"type": "Feature", "geometry": {"type": "Polygon", "coordinates": [[[-64.1, -31.2], [-64.0, -31.2], [-63.95, -31.25], [-64.0, -31.3], [-64.1, -31.3], [-64.15, -31.25], [-64.1, -31.2]]]}, "properties": {"id": 120, "nombre_x": "Colonia Tirolesa", "lst_celsius": 24.116927238217784, "nbr": 0.05248606151641193, "ndvi": 0.33029353620912183, "nombre_y": "Colonia Tirolesa", "precip_60d_mm": 68.00837606554774, "humedad_min": 20.0, "viento_max_kmh": 36.0, "humedad_saocom_pct": 13.4, "riesgo_final": 100.0, "nivel": "CR\u00cdTICO"}}, {"type": "Feature", "geometry": {"type": "Polygon", "coordinates": [[[-64.1, -30.9], [-64.0, -30.9], [-63.95, -30.95], [-64.0, -31.0], [-64.1, -31.0], [-64.15, -30.95], [-64.1, -30.9]]]}, "properties": {"id": 121, "nombre_x": "Sinsacate", "lst_celsius": 21.37473674510045, "nbr": 0.16416155504366264, "ndvi": 0.3968779629882487, "nombre_y": "Sinsacate", "precip_60d_mm": 56.99502939453312, "humedad_min": 9.0, "viento_max_kmh": 35.1, "humedad_saocom_pct": 20.7, "riesgo_final": 100.0, "nivel": "CR\u00cdTICO"}}, {"type": "Feature", "geometry": {"type": "Polygon", "coordinates": [[[-64.3, -30.9], [-64.2, -30.9], [-64.15, -30.95], [-64.2, -31.0], [-64.3, -31.0], [-64.35, -30.95], [-64.3, -30.9]]]}, "properties": {"id": 122, "nombre_x": "Ascochinga", "lst_celsius": 23.18495145308242, "nbr": 0.15294232305218677, "ndvi": 0.33745920819091924, "nombre_y": "Ascochinga", "precip_60d_mm": 46.125864216139156, "humedad_min": 6.0, "viento_max_kmh": 35.1, "humedad_saocom_pct": 8.8, "riesgo_final": 100.0, "nivel": "CR\u00cdTICO"}}, {"type": "Feature", "geometry": {"type": "Polygon", "coordinates": [[[-64.4, -31.1], [-64.3, -31.1], [-64.25, -31.15], [-64.3, -31.2], [-64.4, -31.2], [-64.45, -31.15], [-64.4, -31.1]]]}, "properties": {"id": 123, "nombre_x": "Candonga", "lst_celsius": 20.58181578099044, "nbr": 0.26861698020668157, "ndvi": 0.5137604995854507, "nombre_y": "Candonga", "precip_60d_mm": 39.906984820056, "humedad_min": 6.0, "viento_max_kmh": 36.4, "humedad_saocom_pct": 19.0, "riesgo_final": 100.0, "nivel": "CR\u00cdTICO"}}, {"type": "Feature", "geometry": {"type": "Polygon", "coordinates": [[[-64.5, -31.3], [-64.4, -31.3], [-64.35, -31.35], [-64.4, -31.4], [-64.5, -31.4], [-64.55, -31.35], [-64.5, -31.3]]]}, "properties": {"id": 124, "nombre_x": "Bialet Mass\u00e9", "lst_celsius": 21.816134345831358, "nbr": 0.12705217037210767, "ndvi": 0.3934469082464678, "nombre_y": "Bialet Mass\u00e9", "precip_60d_mm": 50.051242048601615, "humedad_min": 7.0, "viento_max_kmh": 35.1, "humedad_saocom_pct": 19.1, "riesgo_final": 100.0, "nivel": "CR\u00cdTICO"}}, {"type": "Feature", "geometry": {"type": "Polygon", "coordinates": [[[-64.6, -31.4], [-64.5, -31.4], [-64.45, -31.45], [-64.5, -31.5], [-64.6, -31.5], [-64.65, -31.45], [-64.6, -31.4]]]}, "properties": {"id": 125, "nombre_x": "Tanti", "lst_celsius": 24.111541254391057, "nbr": 0.053738897123935585, "ndvi": 0.3817410496847, "nombre_y": "Tanti", "precip_60d_mm": 29.707464355477253, "humedad_min": 9.0, "viento_max_kmh": 27.1, "humedad_saocom_pct": 19.0, "riesgo_final": 100.0, "nivel": "CR\u00cdTICO"}}, {"type": "Feature", "geometry": {"type": "Polygon", "coordinates": [[[-64.8, -31.4], [-64.7, -31.4], [-64.65, -31.45], [-64.7, -31.5], [-64.8, -31.5], [-64.85, -31.45], [-64.8, -31.4]]]}, "properties": {"id": 126, "nombre_x": "Los Gigantes", "lst_celsius": 18.56433257126588, "nbr": 0.006598233536660449, "ndvi": 0.3321352149619448, "nombre_y": "Los Gigantes", "precip_60d_mm": 1.64488882757821, "humedad_min": 16.0, "viento_max_kmh": 34.8, "humedad_saocom_pct": 20.9, "riesgo_final": 100.0, "nivel": "CR\u00cdTICO"}}, {"type": "Feature", "geometry": {"type": "Polygon", "coordinates": [[[-63.3, -31.0], [-63.2, -31.0], [-63.15, -31.05], [-63.2, -31.1], [-63.3, -31.1], [-63.35, -31.05], [-63.3, -31.0]]]}, "properties": {"id": 127, "nombre_x": "La Posta", "lst_celsius": 19.240146446935512, "nbr": 0.10853449791597009, "ndvi": 0.37218164652874386, "nombre_y": "La Posta", "precip_60d_mm": 99.48691383626505, "humedad_min": 27.0, "viento_max_kmh": 36.4, "humedad_saocom_pct": 15.9, "riesgo_final": 100.0, "nivel": "CR\u00cdTICO"}}, {"type": "Feature", "geometry": {"type": "Polygon", "coordinates": [[[-63.4, -30.8], [-63.3, -30.8], [-63.25, -30.85], [-63.3, -30.9], [-63.4, -30.9], [-63.45, -30.85], [-63.4, -30.8]]]}, "properties": {"id": 128, "nombre_x": "Obispo Trejo", "lst_celsius": 20.788368052798262, "nbr": -0.009553758144978315, "ndvi": 0.30802864444163647, "nombre_y": "Obispo Trejo", "precip_60d_mm": 78.9096327711451, "humedad_min": 27.0, "viento_max_kmh": 36.0, "humedad_saocom_pct": 18.4, "riesgo_final": 100.0, "nivel": "CR\u00cdTICO"}}, {"type": "Feature", "geometry": {"type": "Polygon", "coordinates": [[[-63.2, -30.7], [-63.1, -30.7], [-63.05, -30.75], [-63.1, -30.8], [-63.2, -30.8], [-63.25, -30.75], [-63.2, -30.7]]]}, "properties": {"id": 129, "nombre_x": "Villa Fontana", "lst_celsius": 20.75484710466742, "nbr": 0.16824881304969877, "ndvi": 0.409679579102705, "nombre_y": "Villa Fontana", "precip_60d_mm": 85.28366135737402, "humedad_min": 33.0, "viento_max_kmh": 36.0, "humedad_saocom_pct": 17.3, "riesgo_final": 100.0, "nivel": "CR\u00cdTICO"}}, {"type": "Feature", "geometry": {"type": "Polygon", "coordinates": [[[-63.3, -31.0], [-63.2, -31.0], [-63.15, -31.05], [-63.2, -31.1], [-63.3, -31.1], [-63.35, -31.05], [-63.3, -31.0]]]}, "properties": {"id": 130, "nombre_x": "La Puerta", "lst_celsius": 19.240146446935512, "nbr": 0.10853449791597009, "ndvi": 0.37218164652874386, "nombre_y": "La Puerta", "precip_60d_mm": 99.48691383626505, "humedad_min": 27.0, "viento_max_kmh": 36.4, "humedad_saocom_pct": 15.9, "riesgo_final": 100.0, "nivel": "CR\u00cdTICO"}}, {"type": "Feature", "geometry": {"type": "Polygon", "coordinates": [[[-63.7, -30.4], [-63.6, -30.4], [-63.55, -30.45], [-63.6, -30.5], [-63.7, -30.5], [-63.75, -30.45], [-63.7, -30.4]]]}, "properties": {"id": 131, "nombre_x": "Las Arrias", "lst_celsius": 24.04313675369741, "nbr": 0.02787252186306756, "ndvi": 0.3312622531945148, "nombre_y": "Las Arrias", "precip_60d_mm": 68.74683836663509, "humedad_min": 11.0, "viento_max_kmh": 37.0, "humedad_saocom_pct": 13.0, "riesgo_final": 100.0, "nivel": "CR\u00cdTICO"}}, {"type": "Feature", "geometry": {"type": "Polygon", "coordinates": [[[-63.7, -30.7], [-63.6, -30.7], [-63.55, -30.75], [-63.6, -30.8], [-63.7, -30.8], [-63.75, -30.75], [-63.7, -30.7]]]}, "properties": {"id": 132, "nombre_x": "Ca\u00f1ada de Luque", "lst_celsius": 22.565512110560064, "nbr": 0.04905462795263863, "ndvi": 0.3372214542117688, "nombre_y": "Ca\u00f1ada de Luque", "precip_60d_mm": 68.2448568017464, "humedad_min": 24.0, "viento_max_kmh": 35.6, "humedad_saocom_pct": 16.0, "riesgo_final": 100.0, "nivel": "CR\u00cdTICO"}}, {"type": "Feature", "geometry": {"type": "Polygon", "coordinates": [[[-63.9, -30.8], [-63.8, -30.8], [-63.75, -30.85], [-63.8, -30.9], [-63.9, -30.9], [-63.95, -30.85], [-63.9, -30.8]]]}, "properties": {"id": 133, "nombre_x": "Las Pe\u00f1as", "lst_celsius": 22.734048013869085, "nbr": 0.10148427602739103, "ndvi": 0.36806423999233107, "nombre_y": "Las Pe\u00f1as", "precip_60d_mm": 64.74447112441001, "humedad_min": 11.0, "viento_max_kmh": 37.6, "humedad_saocom_pct": 17.5, "riesgo_final": 100.0, "nivel": "CR\u00cdTICO"}}, {"type": "Feature", "geometry": {"type": "Polygon", "coordinates": [[[-63.8, -30.9], [-63.7, -30.9], [-63.65, -30.95], [-63.7, -31.0], [-63.8, -31.0], [-63.85, -30.95], [-63.8, -30.9]]]}, "properties": {"id": 134, "nombre_x": "Sarmiento", "lst_celsius": 19.890395504859384, "nbr": 0.10169091749639636, "ndvi": 0.3670577565368844, "nombre_y": "Sarmiento", "precip_60d_mm": 74.97040268655437, "humedad_min": 16.0, "viento_max_kmh": 36.9, "humedad_saocom_pct": 16.1, "riesgo_final": 100.0, "nivel": "CR\u00cdTICO"}}, {"type": "Feature", "geometry": {"type": "Polygon", "coordinates": [[[-63.8, -30.6], [-63.7, -30.6], [-63.65, -30.65], [-63.7, -30.7], [-63.8, -30.7], [-63.85, -30.65], [-63.8, -30.6]]]}, "properties": {"id": 135, "nombre_x": "Simbolar", "lst_celsius": 23.59220991961149, "nbr": 0.11420199365603244, "ndvi": 0.38067548721742145, "nombre_y": "Simbolar", "precip_60d_mm": 58.08300772856566, "humedad_min": 11.0, "viento_max_kmh": 37.0, "humedad_saocom_pct": 15.7, "riesgo_final": 100.0, "nivel": "CR\u00cdTICO"}}, {"type": "Feature", "geometry": {"type": "Polygon", "coordinates": [[[-63.9, -30.4], [-63.8, -30.4], [-63.75, -30.45], [-63.8, -30.5], [-63.9, -30.5], [-63.95, -30.45], [-63.9, -30.4]]]}, "properties": {"id": 136, "nombre_x": "San Jos\u00e9 de la Dormida", "lst_celsius": 25.975311279633615, "nbr": 0.016686188339845594, "ndvi": 0.3182594579930044, "nombre_y": "San Jos\u00e9 de la Dormida", "precip_60d_mm": 49.33519836139211, "humedad_min": 9.0, "viento_max_kmh": 35.6, "humedad_saocom_pct": 13.5, "riesgo_final": 100.0, "nivel": "CR\u00cdTICO"}}, {"type": "Feature", "geometry": {"type": "Polygon", "coordinates": [[[-64.7, -30.3], [-64.6, -30.3], [-64.55, -30.35], [-64.6, -30.4], [-64.7, -30.4], [-64.75, -30.35], [-64.7, -30.3]]]}, "properties": {"id": 137, "nombre_x": "Chu\u00f1a", "lst_celsius": 24.73715249067476, "nbr": 0.06938581635825963, "ndvi": 0.39183015862036713, "nombre_y": "Chu\u00f1a", "precip_60d_mm": 27.173220911386075, "humedad_min": 3.0, "viento_max_kmh": 28.3, "humedad_saocom_pct": 14.0, "riesgo_final": 100.0, "nivel": "CR\u00cdTICO"}}, {"type": "Feature", "geometry": {"type": "Polygon", "coordinates": [[[-64.7, -30.7], [-64.6, -30.7], [-64.55, -30.75], [-64.6, -30.8], [-64.7, -30.8], [-64.75, -30.75], [-64.7, -30.7]]]}, "properties": {"id": 138, "nombre_x": "Copacabana", "lst_celsius": 23.276513843851205, "nbr": 0.02104504989928988, "ndvi": 0.3736677177964307, "nombre_y": "Copacabana", "precip_60d_mm": 42.19580496234974, "humedad_min": 3.0, "viento_max_kmh": 37.2, "humedad_saocom_pct": 16.6, "riesgo_final": 100.0, "nivel": "CR\u00cdTICO"}}, {"type": "Feature", "geometry": {"type": "Polygon", "coordinates": [[[-65.3, -30.6], [-65.2, -30.6], [-65.15, -30.65], [-65.2, -30.7], [-65.3, -30.7], [-65.35, -30.65], [-65.3, -30.6]]]}, "properties": {"id": 139, "nombre_x": "Serrezuela", "lst_celsius": 25.47351562067996, "nbr": 0.08352627976303661, "ndvi": 0.3396794373367023, "nombre_y": "Serrezuela", "precip_60d_mm": 25.035583940140537, "humedad_min": 5.0, "viento_max_kmh": 27.3, "humedad_saocom_pct": 13.3, "riesgo_final": 100.0, "nivel": "CR\u00cdTICO"}}, {"type": "Feature", "geometry": {"type": "Polygon", "coordinates": [[[-64.9, -31.3], [-64.8, -31.3], [-64.75, -31.35], [-64.8, -31.4], [-64.9, -31.4], [-64.95, -31.35], [-64.9, -31.3]]]}, "properties": {"id": 140, "nombre_x": "El Brete", "lst_celsius": 16.679786438768986, "nbr": -0.0025247381940151454, "ndvi": 0.26710072460368933, "nombre_y": "El Brete", "precip_60d_mm": 5.346323630542511, "humedad_min": 9.0, "viento_max_kmh": 29.3, "humedad_saocom_pct": 34.8, "riesgo_final": 100.0, "nivel": "CR\u00cdTICO"}}, {"type": "Feature", "geometry": {"type": "Polygon", "coordinates": [[[-65.5, -31.8], [-65.4, -31.8], [-65.35, -31.85], [-65.4, -31.9], [-65.5, -31.9], [-65.55, -31.85], [-65.5, -31.8]]]}, "properties": {"id": 141, "nombre_x": "Ci\u00e9naga del Coro", "lst_celsius": 20.784861999105544, "nbr": 0.1302179150665321, "ndvi": 0.4274086779762499, "nombre_y": "Ci\u00e9naga del Coro", "precip_60d_mm": 34.631648629935064, "humedad_min": 13.0, "viento_max_kmh": 39.1, "humedad_saocom_pct": 14.5, "riesgo_final": 100.0, "nivel": "CR\u00cdTICO"}}, {"type": "Feature", "geometry": {"type": "Polygon", "coordinates": [[[-65.3, -32.3], [-65.2, -32.3], [-65.15, -32.35], [-65.2, -32.4], [-65.3, -32.4], [-65.35, -32.35], [-65.3, -32.3]]]}, "properties": {"id": 142, "nombre_x": "San Vicente", "lst_celsius": 21.757787329354073, "nbr": 0.016533987777776742, "ndvi": 0.3321288754037914, "nombre_y": "San Vicente", "precip_60d_mm": 29.15170008951068, "humedad_min": 25.0, "viento_max_kmh": 37.9, "humedad_saocom_pct": 15.0, "riesgo_final": 100.0, "nivel": "CR\u00cdTICO"}}, {"type": "Feature", "geometry": {"type": "Polygon", "coordinates": [[[-65.4, -31.5], [-65.3, -31.5], [-65.25, -31.55], [-65.3, -31.6], [-65.4, -31.6], [-65.45, -31.55], [-65.4, -31.5]]]}, "properties": {"id": 143, "nombre_x": "Villa de Pocho", "lst_celsius": 22.059797749174322, "nbr": 0.055164365357364735, "ndvi": 0.37699325676737544, "nombre_y": "Villa de Pocho", "precip_60d_mm": 25.56254712744913, "humedad_min": 8.0, "viento_max_kmh": 37.8, "humedad_saocom_pct": 13.0, "riesgo_final": 100.0, "nivel": "CR\u00cdTICO"}}, {"type": "Feature", "geometry": {"type": "Polygon", "coordinates": [[[-65.2, -31.8], [-65.1, -31.8], [-65.05, -31.85], [-65.1, -31.9], [-65.2, -31.9], [-65.25, -31.85], [-65.2, -31.8]]]}, "properties": {"id": 144, "nombre_x": "Las Tapias", "lst_celsius": 22.98660753286987, "nbr": 0.006792174577895936, "ndvi": 0.38176164097377835, "nombre_y": "Las Tapias", "precip_60d_mm": 34.58516116372314, "humedad_min": 14.0, "viento_max_kmh": 34.4, "humedad_saocom_pct": 16.5, "riesgo_final": 100.0, "nivel": "CR\u00cdTICO"}}, {"type": "Feature", "geometry": {"type": "Polygon", "coordinates": [[[-65.0, -31.5], [-64.9, -31.5], [-64.85, -31.55], [-64.9, -31.6], [-65.0, -31.6], [-65.05, -31.55], [-65.0, -31.5]]]}, "properties": {"id": 145, "nombre_x": "Ambul", "lst_celsius": 17.550456600613984, "nbr": -0.023446706408935505, "ndvi": 0.2722630153680587, "nombre_y": "Ambul", "precip_60d_mm": 9.038481346133493, "humedad_min": 9.0, "viento_max_kmh": 29.3, "humedad_saocom_pct": 88.7, "riesgo_final": 100.0, "nivel": "CR\u00cdTICO"}}, {"type": "Feature", "geometry": {"type": "Polygon", "coordinates": [[[-65.0, -31.7], [-64.9, -31.7], [-64.85, -31.75], [-64.9, -31.8], [-65.0, -31.8], [-65.05, -31.75], [-65.0, -31.7]]]}, "properties": {"id": 146, "nombre_x": "Cura Brochero", "lst_celsius": 21.252335100465245, "nbr": 0.002023545587266403, "ndvi": 0.31183504281497537, "nombre_y": "Cura Brochero", "precip_60d_mm": 20.968169463143646, "humedad_min": 12.0, "viento_max_kmh": 28.5, "humedad_saocom_pct": 35.1, "riesgo_final": 100.0, "nivel": "CR\u00cdTICO"}}, {"type": "Feature", "geometry": {"type": "Polygon", "coordinates": [[[-65.0, -31.6], [-64.9, -31.6], [-64.85, -31.65], [-64.9, -31.7], [-65.0, -31.7], [-65.05, -31.65], [-65.0, -31.6]]]}, "properties": {"id": 147, "nombre_x": "Panaholma", "lst_celsius": 20.043567658855807, "nbr": -0.015266030103374729, "ndvi": 0.2894474860116452, "nombre_y": "Panaholma", "precip_60d_mm": 13.659885187641637, "humedad_min": 10.0, "viento_max_kmh": 26.3, "humedad_saocom_pct": 51.2, "riesgo_final": 100.0, "nivel": "CR\u00cdTICO"}}, {"type": "Feature", "geometry": {"type": "Polygon", "coordinates": [[[-65.1, -31.7], [-65.0, -31.7], [-64.95, -31.75], [-65.0, -31.8], [-65.1, -31.8], [-65.15, -31.75], [-65.1, -31.7]]]}, "properties": {"id": 148, "nombre_x": "San Lorenzo", "lst_celsius": 22.855960223741704, "nbr": -0.0012710256765408985, "ndvi": 0.3375606412152101, "nombre_y": "San Lorenzo", "precip_60d_mm": 23.43395502090954, "humedad_min": 12.0, "viento_max_kmh": 28.1, "humedad_saocom_pct": 19.0, "riesgo_final": 100.0, "nivel": "CR\u00cdTICO"}}, {"type": "Feature", "geometry": {"type": "Polygon", "coordinates": [[[-62.3, -31.3], [-62.2, -31.3], [-62.15, -31.35], [-62.2, -31.4], [-62.3, -31.4], [-62.35, -31.35], [-62.3, -31.3]]]}, "properties": {"id": 149, "nombre_x": "Quebracho Herrado", "lst_celsius": 17.947959052726162, "nbr": 0.3226607955035796, "ndvi": 0.5613843944604814, "nombre_y": "Quebracho Herrado", "precip_60d_mm": 99.08662608394096, "humedad_min": 34.0, "viento_max_kmh": 35.7, "humedad_saocom_pct": 35.6, "riesgo_final": 100.0, "nivel": "CR\u00cdTICO"}}, {"type": "Feature", "geometry": {"type": "Polygon", "coordinates": [[[-62.4, -31.6], [-62.3, -31.6], [-62.25, -31.65], [-62.3, -31.7], [-62.4, -31.7], [-62.45, -31.65], [-62.4, -31.6]]]}, "properties": {"id": 150, "nombre_x": "Saturnino M. Laspiur", "lst_celsius": 15.82076177051033, "nbr": 0.16591008318336192, "ndvi": 0.3794980573164491, "nombre_y": "Saturnino M. Laspiur", "precip_60d_mm": 122.29121228767968, "humedad_min": 35.0, "viento_max_kmh": 35.0, "humedad_saocom_pct": 29.9, "riesgo_final": 100.0, "nivel": "CR\u00cdTICO"}}, {"type": "Feature", "geometry": {"type": "Polygon", "coordinates": [[[-62.5, -31.8], [-62.4, -31.8], [-62.35, -31.85], [-62.4, -31.9], [-62.5, -31.9], [-62.55, -31.85], [-62.5, -31.8]]]}, "properties": {"id": 151, "nombre_x": "Alicia", "lst_celsius": 18.699994062064263, "nbr": 0.2027342280206263, "ndvi": 0.4533071239316071, "nombre_y": "Alicia", "precip_60d_mm": 132.93842566100895, "humedad_min": 33.0, "viento_max_kmh": 36.4, "humedad_saocom_pct": 22.7, "riesgo_final": 100.0, "nivel": "CR\u00cdTICO"}}, {"type": "Feature", "geometry": {"type": "Polygon", "coordinates": [[[-62.3, -31.9], [-62.2, -31.9], [-62.15, -31.95], [-62.2, -32.0], [-62.3, -32.0], [-62.35, -31.95], [-62.3, -31.9]]]}, "properties": {"id": 152, "nombre_x": "El Fort\u00edn", "lst_celsius": 18.306786173511796, "nbr": 0.25142949601893816, "ndvi": 0.44150662446734534, "nombre_y": "El Fort\u00edn", "precip_60d_mm": 116.57453673208623, "humedad_min": 34.0, "viento_max_kmh": 34.7, "humedad_saocom_pct": 34.6, "riesgo_final": 100.0, "nivel": "CR\u00cdTICO"}}, {"type": "Feature", "geometry": {"type": "Polygon", "coordinates": [[[-62.3, -32.4], [-62.2, -32.4], [-62.15, -32.45], [-62.2, -32.5], [-62.3, -32.5], [-62.35, -32.45], [-62.3, -32.4]]]}, "properties": {"id": 153, "nombre_x": "Noetinger", "lst_celsius": 18.39955824940847, "nbr": 0.2433371912160073, "ndvi": 0.4932589014281171, "nombre_y": "Noetinger", "precip_60d_mm": 122.41537723816602, "humedad_min": 37.0, "viento_max_kmh": 34.3, "humedad_saocom_pct": 37.3, "riesgo_final": 100.0, "nivel": "CR\u00cdTICO"}}, {"type": "Feature", "geometry": {"type": "Polygon", "coordinates": [[[-62.3, -32.6], [-62.2, -32.6], [-62.15, -32.65], [-62.2, -32.7], [-62.3, -32.7], [-62.35, -32.65], [-62.3, -32.6]]]}, "properties": {"id": 154, "nombre_x": "Leones", "lst_celsius": 19.959001431836214, "nbr": 0.12244415652778023, "ndvi": 0.39283713805006737, "nombre_y": "Leones", "precip_60d_mm": 122.43284903912878, "humedad_min": 38.0, "viento_max_kmh": 33.8, "humedad_saocom_pct": 39.0, "riesgo_final": 100.0, "nivel": "CR\u00cdTICO"}}, {"type": "Feature", "geometry": {"type": "Polygon", "coordinates": [[[-61.9, -33.5], [-61.8, -33.5], [-61.75, -33.55], [-61.8, -33.6], [-61.9, -33.6], [-61.95, -33.55], [-61.9, -33.5]]]}, "properties": {"id": 155, "nombre_x": "Cavanagh", "lst_celsius": 18.585578250739616, "nbr": 0.19646637399554823, "ndvi": 0.41153948099650295, "nombre_y": "Cavanagh", "precip_60d_mm": 127.63493717029488, "humedad_min": null, "viento_max_kmh": null, "humedad_saocom_pct": null, "riesgo_final": 61.5, "nivel": "ALTO"}}, {"type": "Feature", "geometry": {"type": "Polygon", "coordinates": [[[-62.4, -33.5], [-62.3, -33.5], [-62.25, -33.55], [-62.3, -33.6], [-62.4, -33.6], [-62.45, -33.55], [-62.4, -33.5]]]}, "properties": {"id": 156, "nombre_x": "Guatimoz\u00edn", "lst_celsius": 18.943286615814543, "nbr": 0.24141506396508194, "ndvi": 0.4578438263776353, "nombre_y": "Guatimoz\u00edn", "precip_60d_mm": 96.76108886137342, "humedad_min": 43.0, "viento_max_kmh": 34.3, "humedad_saocom_pct": 30.7, "riesgo_final": 100.0, "nivel": "CR\u00cdTICO"}}, {"type": "Feature", "geometry": {"type": "Polygon", "coordinates": [[[-62.6, -33.2], [-62.5, -33.2], [-62.45, -33.25], [-62.5, -33.3], [-62.6, -33.3], [-62.65, -33.25], [-62.6, -33.2]]]}, "properties": {"id": 157, "nombre_x": "Monte Ma\u00edz", "lst_celsius": 20.767241242663715, "nbr": 0.14293580273246795, "ndvi": 0.375394933075952, "nombre_y": "Monte Ma\u00edz", "precip_60d_mm": 112.2455772247795, "humedad_min": 41.0, "viento_max_kmh": 34.9, "humedad_saocom_pct": 30.4, "riesgo_final": 100.0, "nivel": "CR\u00cdTICO"}}, {"type": "Feature", "geometry": {"type": "Polygon", "coordinates": [[[-62.4, -33.2], [-62.3, -33.2], [-62.25, -33.25], [-62.3, -33.3], [-62.4, -33.3], [-62.45, -33.25], [-62.4, -33.2]]]}, "properties": {"id": 158, "nombre_x": "Isla Verde", "lst_celsius": 21.101577948802117, "nbr": 0.09812618442424258, "ndvi": 0.3736379359567654, "nombre_y": "Isla Verde", "precip_60d_mm": 111.99496948700254, "humedad_min": 41.0, "viento_max_kmh": 34.9, "humedad_saocom_pct": 36.0, "riesgo_final": 100.0, "nivel": "CR\u00cdTICO"}}, {"type": "Feature", "geometry": {"type": "Polygon", "coordinates": [[[-62.7, -33.2], [-62.6, -33.2], [-62.55, -33.25], [-62.6, -33.3], [-62.7, -33.3], [-62.75, -33.25], [-62.7, -33.2]]]}, "properties": {"id": 159, "nombre_x": "Wenceslao Escalante", "lst_celsius": 21.12788057892959, "nbr": 0.11667252595419005, "ndvi": 0.3881754283179297, "nombre_y": "Wenceslao Escalante", "precip_60d_mm": 102.74372749378674, "humedad_min": 39.0, "viento_max_kmh": 35.8, "humedad_saocom_pct": 29.4, "riesgo_final": 100.0, "nivel": "CR\u00cdTICO"}}, {"type": "Feature", "geometry": {"type": "Polygon", "coordinates": [[[-62.6, -33.8], [-62.5, -33.8], [-62.45, -33.85], [-62.5, -33.9], [-62.6, -33.9], [-62.65, -33.85], [-62.6, -33.8]]]}, "properties": {"id": 160, "nombre_x": "Pueblo Italiano", "lst_celsius": 18.704514990931898, "nbr": 0.20812656645163788, "ndvi": 0.43179261215441317, "nombre_y": "Pueblo Italiano", "precip_60d_mm": 75.8716591967296, "humedad_min": 45.0, "viento_max_kmh": 36.4, "humedad_saocom_pct": 33.0, "riesgo_final": 100.0, "nivel": "CR\u00cdTICO"}}, {"type": "Feature", "geometry": {"type": "Polygon", "coordinates": [[[-63.1, -33.8], [-63.0, -33.8], [-62.95, -33.85], [-63.0, -33.9], [-63.1, -33.9], [-63.15, -33.85], [-63.1, -33.8]]]}, "properties": {"id": 161, "nombre_x": "Viamonte", "lst_celsius": 18.832403947403805, "nbr": 0.17063505304804633, "ndvi": 0.40083804856406435, "nombre_y": "Viamonte", "precip_60d_mm": 86.29148819698977, "humedad_min": 44.0, "viento_max_kmh": 41.0, "humedad_saocom_pct": 19.6, "riesgo_final": 100.0, "nivel": "CR\u00cdTICO"}}, {"type": "Feature", "geometry": {"type": "Polygon", "coordinates": [[[-62.9, -33.9], [-62.8, -33.9], [-62.75, -33.95], [-62.8, -34.0], [-62.9, -34.0], [-62.95, -33.95], [-62.9, -33.9]]]}, "properties": {"id": 162, "nombre_x": "La Cesira", "lst_celsius": 18.4365047245239, "nbr": 0.14601552113787125, "ndvi": 0.3759822297453019, "nombre_y": "La Cesira", "precip_60d_mm": 78.05384585725979, "humedad_min": 44.0, "viento_max_kmh": 40.3, "humedad_saocom_pct": 18.0, "riesgo_final": 100.0, "nivel": "CR\u00cdTICO"}}, {"type": "Feature", "geometry": {"type": "Polygon", "coordinates": [[[-63.2, -34.4], [-63.1, -34.4], [-63.05, -34.45], [-63.1, -34.5], [-63.2, -34.5], [-63.25, -34.45], [-63.2, -34.4]]]}, "properties": {"id": 163, "nombre_x": "Pinc\u00e9n", "lst_celsius": 18.835667064803715, "nbr": 0.24563467714945098, "ndvi": 0.46117061882894433, "nombre_y": "Pinc\u00e9n", "precip_60d_mm": 69.52658729311625, "humedad_min": 48.0, "viento_max_kmh": 39.5, "humedad_saocom_pct": null, "riesgo_final": 100.0, "nivel": "CR\u00cdTICO"}}, {"type": "Feature", "geometry": {"type": "Polygon", "coordinates": [[[-63.8, -34.8], [-63.7, -34.8], [-63.65, -34.85], [-63.7, -34.9], [-63.8, -34.9], [-63.85, -34.85], [-63.8, -34.8]]]}, "properties": {"id": 164, "nombre_x": "Ital\u00f3", "lst_celsius": 18.37781463599856, "nbr": 0.2384560045547454, "ndvi": 0.4505683586592661, "nombre_y": "Ital\u00f3", "precip_60d_mm": 51.84908107806078, "humedad_min": 51.0, "viento_max_kmh": 37.6, "humedad_saocom_pct": 18.3, "riesgo_final": 100.0, "nivel": "CR\u00cdTICO"}}, {"type": "Feature", "geometry": {"type": "Polygon", "coordinates": [[[-63.5, -34.7], [-63.4, -34.7], [-63.35, -34.75], [-63.4, -34.8], [-63.5, -34.8], [-63.55, -34.75], [-63.5, -34.7]]]}, "properties": {"id": 165, "nombre_x": "Buchardo", "lst_celsius": 17.982101189063485, "nbr": 0.19175459822888447, "ndvi": 0.4335793937578641, "nombre_y": "Buchardo", "precip_60d_mm": 66.24937390880845, "humedad_min": 49.0, "viento_max_kmh": 36.9, "humedad_saocom_pct": 22.7, "riesgo_final": 100.0, "nivel": "CR\u00cdTICO"}}, {"type": "Feature", "geometry": {"type": "Polygon", "coordinates": [[[-64.0, -34.3], [-63.9, -34.3], [-63.85, -34.35], [-63.9, -34.4], [-64.0, -34.4], [-64.05, -34.35], [-64.0, -34.3]]]}, "properties": {"id": 166, "nombre_x": "Washington", "lst_celsius": 18.683681328970067, "nbr": 0.11893421453211689, "ndvi": 0.371051601036453, "nombre_y": "Washington", "precip_60d_mm": 52.104356983264914, "humedad_min": 45.0, "viento_max_kmh": 39.6, "humedad_saocom_pct": 18.4, "riesgo_final": 100.0, "nivel": "CR\u00cdTICO"}}, {"type": "Feature", "geometry": {"type": "Polygon", "coordinates": [[[-64.8, -33.2], [-64.7, -33.2], [-64.65, -33.25], [-64.7, -33.3], [-64.8, -33.3], [-64.85, -33.25], [-64.8, -33.2]]]}, "properties": {"id": 167, "nombre_x": "Carolina", "lst_celsius": 21.421338153515194, "nbr": 0.04602005318885151, "ndvi": 0.2970672826518628, "nombre_y": "Carolina", "precip_60d_mm": 26.262570874246165, "humedad_min": 25.0, "viento_max_kmh": 36.6, "humedad_saocom_pct": 20.4, "riesgo_final": 100.0, "nivel": "CR\u00cdTICO"}}, {"type": "Feature", "geometry": {"type": "Polygon", "coordinates": [[[-64.6, -33.8], [-64.5, -33.8], [-64.45, -33.85], [-64.5, -33.9], [-64.6, -33.9], [-64.65, -33.85], [-64.6, -33.8]]]}, "properties": {"id": 168, "nombre_x": "Tosquita", "lst_celsius": 18.65184233058369, "nbr": 0.2117666800202064, "ndvi": 0.4312260893462418, "nombre_y": "Tosquita", "precip_60d_mm": 37.66885037512243, "humedad_min": 28.0, "viento_max_kmh": 40.6, "humedad_saocom_pct": 16.2, "riesgo_final": 100.0, "nivel": "CR\u00cdTICO"}}, {"type": "Feature", "geometry": {"type": "Polygon", "coordinates": [[[-64.9, -33.8], [-64.8, -33.8], [-64.75, -33.85], [-64.8, -33.9], [-64.9, -33.9], [-64.95, -33.85], [-64.9, -33.8]]]}, "properties": {"id": 169, "nombre_x": "Chaj\u00e1n", "lst_celsius": 18.979863471900103, "nbr": 0.22395505757615033, "ndvi": 0.4374163848264386, "nombre_y": "Chaj\u00e1n", "precip_60d_mm": 39.52440801772592, "humedad_min": 20.0, "viento_max_kmh": 37.0, "humedad_saocom_pct": 16.2, "riesgo_final": 100.0, "nivel": "CR\u00cdTICO"}}, {"type": "Feature", "geometry": {"type": "Polygon", "coordinates": [[[-64.0, -33.3], [-63.9, -33.3], [-63.85, -33.35], [-63.9, -33.4], [-64.0, -33.4], [-64.05, -33.35], [-64.0, -33.3]]]}, "properties": {"id": 170, "nombre_x": "Las Acequias", "lst_celsius": 22.299523607876267, "nbr": 0.08362996097901175, "ndvi": 0.3329838766778225, "nombre_y": "Las Acequias", "precip_60d_mm": 42.00910661051593, "humedad_min": 37.0, "viento_max_kmh": 39.0, "humedad_saocom_pct": 17.3, "riesgo_final": 100.0, "nivel": "CR\u00cdTICO"}}, {"type": "Feature", "geometry": {"type": "Polygon", "coordinates": [[[-64.1, -33.0], [-64.0, -33.0], [-63.95, -33.05], [-64.0, -33.1], [-64.1, -33.1], [-64.15, -33.05], [-64.1, -33.0]]]}, "properties": {"id": 171, "nombre_x": "Reducci\u00f3n", "lst_celsius": 22.928103813630344, "nbr": 0.06066154789933462, "ndvi": 0.3267226001154707, "nombre_y": "Reducci\u00f3n", "precip_60d_mm": 39.92119281358155, "humedad_min": 35.0, "viento_max_kmh": 38.7, "humedad_saocom_pct": 17.0, "riesgo_final": 100.0, "nivel": "CR\u00cdTICO"}}, {"type": "Feature", "geometry": {"type": "Polygon", "coordinates": [[[-64.4, -32.6], [-64.3, -32.6], [-64.25, -32.65], [-64.3, -32.7], [-64.4, -32.7], [-64.45, -32.65], [-64.4, -32.6]]]}, "properties": {"id": 172, "nombre_x": "Elena", "lst_celsius": 21.203426229642957, "nbr": 0.06759128064580086, "ndvi": 0.31826863267512373, "nombre_y": "Elena", "precip_60d_mm": 26.253016469738515, "humedad_min": 26.0, "viento_max_kmh": 36.9, "humedad_saocom_pct": 13.0, "riesgo_final": 100.0, "nivel": "CR\u00cdTICO"}}, {"type": "Feature", "geometry": {"type": "Polygon", "coordinates": [[[-64.3, -32.8], [-64.2, -32.8], [-64.15, -32.85], [-64.2, -32.9], [-64.3, -32.9], [-64.35, -32.85], [-64.3, -32.8]]]}, "properties": {"id": 173, "nombre_x": "Gigena", "lst_celsius": 21.745620335105286, "nbr": 0.03863903293034513, "ndvi": 0.29740467429528716, "nombre_y": "Gigena", "precip_60d_mm": 32.17873665731075, "humedad_min": 28.0, "viento_max_kmh": 36.9, "humedad_saocom_pct": 12.8, "riesgo_final": 100.0, "nivel": "CR\u00cdTICO"}}, {"type": "Feature", "geometry": {"type": "Polygon", "coordinates": [[[-63.3, -32.1], [-63.2, -32.1], [-63.15, -32.15], [-63.2, -32.2], [-63.3, -32.2], [-63.35, -32.15], [-63.3, -32.1]]]}, "properties": {"id": 174, "nombre_x": "Los Zorros", "lst_celsius": 19.103972691850515, "nbr": 0.34789696468368164, "ndvi": 0.5460750292111686, "nombre_y": "Los Zorros", "precip_60d_mm": 76.7740042015738, "humedad_min": 27.0, "viento_max_kmh": 37.7, "humedad_saocom_pct": 207.2, "riesgo_final": 100.0, "nivel": "CR\u00cdTICO"}}, {"type": "Feature", "geometry": {"type": "Polygon", "coordinates": [[[-63.6, -31.8], [-63.5, -31.8], [-63.45, -31.85], [-63.5, -31.9], [-63.6, -31.9], [-63.65, -31.85], [-63.6, -31.8]]]}, "properties": {"id": 175, "nombre_x": "Colazo", "lst_celsius": 20.127471584375314, "nbr": 0.1374470738920881, "ndvi": 0.38272136403127677, "nombre_y": "Colazo", "precip_60d_mm": 67.2997623090974, "humedad_min": 24.0, "viento_max_kmh": 38.2, "humedad_saocom_pct": 17.3, "riesgo_final": 100.0, "nivel": "CR\u00cdTICO"}}, {"type": "Feature", "geometry": {"type": "Polygon", "coordinates": [[[-63.7, -32.2], [-63.6, -32.2], [-63.55, -32.25], [-63.6, -32.3], [-63.7, -32.3], [-63.75, -32.25], [-63.7, -32.2]]]}, "properties": {"id": 176, "nombre_x": "Pampayasta", "lst_celsius": 23.226018887245232, "nbr": 0.10266730634721395, "ndvi": 0.3637721355340097, "nombre_y": "Pampayasta", "precip_60d_mm": 53.02153483492882, "humedad_min": 28.0, "viento_max_kmh": 40.2, "humedad_saocom_pct": 98.0, "riesgo_final": 100.0, "nivel": "CR\u00cdTICO"}}, {"type": "Feature", "geometry": {"type": "Polygon", "coordinates": [[[-63.8, -32.2], [-63.7, -32.2], [-63.65, -32.25], [-63.7, -32.3], [-63.8, -32.3], [-63.85, -32.25], [-63.8, -32.2]]]}, "properties": {"id": 177, "nombre_x": "Tancacha", "lst_celsius": 23.50600348511807, "nbr": 0.04447998495969447, "ndvi": 0.306965065230106, "nombre_y": "Tancacha", "precip_60d_mm": 48.530611141047885, "humedad_min": 27.0, "viento_max_kmh": 40.0, "humedad_saocom_pct": 28.0, "riesgo_final": 100.0, "nivel": "CR\u00cdTICO"}}, {"type": "Feature", "geometry": {"type": "Polygon", "coordinates": [[[-63.9, -32.4], [-63.8, -32.4], [-63.75, -32.45], [-63.8, -32.5], [-63.9, -32.5], [-63.95, -32.45], [-63.9, -32.4]]]}, "properties": {"id": 178, "nombre_x": "General Fotheringham", "lst_celsius": 22.89373125253354, "nbr": 0.02452341760203149, "ndvi": 0.274084629604174, "nombre_y": "General Fotheringham", "precip_60d_mm": 44.473812177574025, "humedad_min": 27.0, "viento_max_kmh": 40.0, "humedad_saocom_pct": 17.0, "riesgo_final": 100.0, "nivel": "CR\u00cdTICO"}}, {"type": "Feature", "geometry": {"type": "Polygon", "coordinates": [[[-63.4, -32.3], [-63.3, -32.3], [-63.25, -32.35], [-63.3, -32.4], [-63.4, -32.4], [-63.45, -32.35], [-63.4, -32.3]]]}, "properties": {"id": 179, "nombre_x": "T\u00edo Pujio", "lst_celsius": 21.10877271473464, "nbr": 0.30264656712558363, "ndvi": 0.5207724350330533, "nombre_y": "T\u00edo Pujio", "precip_60d_mm": 66.92120078813986, "humedad_min": 32.0, "viento_max_kmh": 38.0, "humedad_saocom_pct": 149.8, "riesgo_final": 100.0, "nivel": "CR\u00cdTICO"}}, {"type": "Feature", "geometry": {"type": "Polygon", "coordinates": [[[-63.4, -32.5], [-63.3, -32.5], [-63.25, -32.55], [-63.3, -32.6], [-63.4, -32.6], [-63.45, -32.55], [-63.4, -32.5]]]}, "properties": {"id": 180, "nombre_x": "Arroyo Cabral", "lst_celsius": 20.708569298383395, "nbr": 0.3125112590234033, "ndvi": 0.5274182697075246, "nombre_y": "Arroyo Cabral", "precip_60d_mm": 76.18916722969811, "humedad_min": 32.0, "viento_max_kmh": 38.1, "humedad_saocom_pct": 27.0, "riesgo_final": 100.0, "nivel": "CR\u00cdTICO"}}, {"type": "Feature", "geometry": {"type": "Polygon", "coordinates": [[[-63.5, -32.6], [-63.4, -32.6], [-63.35, -32.65], [-63.4, -32.7], [-63.5, -32.7], [-63.55, -32.65], [-63.5, -32.6]]]}, "properties": {"id": 181, "nombre_x": "Luca", "lst_celsius": 20.921133499640064, "nbr": 0.2774735588608835, "ndvi": 0.5041483104737352, "nombre_y": "Luca", "precip_60d_mm": 74.6144270848178, "humedad_min": 30.0, "viento_max_kmh": 39.1, "humedad_saocom_pct": 29.5, "riesgo_final": 100.0, "nivel": "CR\u00cdTICO"}}, {"type": "Feature", "geometry": {"type": "Polygon", "coordinates": [[[-63.0, -32.5], [-62.9, -32.5], [-62.85, -32.55], [-62.9, -32.6], [-63.0, -32.6], [-63.05, -32.55], [-63.0, -32.5]]]}, "properties": {"id": 182, "nombre_x": "Ballesteros", "lst_celsius": 19.917289502150652, "nbr": 0.3446465439432786, "ndvi": 0.557350765225976, "nombre_y": "Ballesteros", "precip_60d_mm": 98.48861954013616, "humedad_min": 31.0, "viento_max_kmh": 38.2, "humedad_saocom_pct": 34.0, "riesgo_final": 100.0, "nivel": "CR\u00cdTICO"}}, {"type": "Feature", "geometry": {"type": "Polygon", "coordinates": [[[-62.8, -32.6], [-62.7, -32.6], [-62.65, -32.65], [-62.7, -32.7], [-62.8, -32.7], [-62.85, -32.65], [-62.8, -32.6]]]}, "properties": {"id": 183, "nombre_x": "Morrison", "lst_celsius": 20.109981280711395, "nbr": 0.2769839700648393, "ndvi": 0.500046474609402, "nombre_y": "Morrison", "precip_60d_mm": 109.23991450628311, "humedad_min": 31.0, "viento_max_kmh": 37.6, "humedad_saocom_pct": 33.3, "riesgo_final": 100.0, "nivel": "CR\u00cdTICO"}}, {"type": "Feature", "geometry": {"type": "Polygon", "coordinates": [[[-62.6, -32.3], [-62.5, -32.3], [-62.45, -32.35], [-62.5, -32.4], [-62.6, -32.4], [-62.65, -32.35], [-62.6, -32.3]]]}, "properties": {"id": 184, "nombre_x": "San Antonio de Lit\u00edn", "lst_celsius": 18.81543489395915, "nbr": 0.2557412114337504, "ndvi": 0.48643753214911795, "nombre_y": "San Antonio de Lit\u00edn", "precip_60d_mm": 113.30014679689597, "humedad_min": 35.0, "viento_max_kmh": 36.7, "humedad_saocom_pct": 37.2, "riesgo_final": 100.0, "nivel": "CR\u00cdTICO"}}, {"type": "Feature", "geometry": {"type": "Polygon", "coordinates": [[[-62.7, -32.3], [-62.6, -32.3], [-62.55, -32.35], [-62.6, -32.4], [-62.7, -32.4], [-62.75, -32.35], [-62.7, -32.3]]]}, "properties": {"id": 185, "nombre_x": "Cintra", "lst_celsius": 18.66866400957622, "nbr": 0.21978161249173844, "ndvi": 0.467994705138315, "nombre_y": "Cintra", "precip_60d_mm": 107.90177745884138, "humedad_min": 34.0, "viento_max_kmh": 35.0, "humedad_saocom_pct": 34.1, "riesgo_final": 100.0, "nivel": "CR\u00cdTICO"}}, {"type": "Feature", "geometry": {"type": "Polygon", "coordinates": [[[-62.9, -32.6], [-62.8, -32.6], [-62.75, -32.65], [-62.8, -32.7], [-62.9, -32.7], [-62.95, -32.65], [-62.9, -32.6]]]}, "properties": {"id": 186, "nombre_x": "Chilibroste", "lst_celsius": 20.258662616534593, "nbr": 0.2504188063717883, "ndvi": 0.5015508765160602, "nombre_y": "Chilibroste", "precip_60d_mm": 103.60858017793488, "humedad_min": 32.0, "viento_max_kmh": 38.0, "humedad_saocom_pct": 33.7, "riesgo_final": 100.0, "nivel": "CR\u00cdTICO"}}, {"type": "Feature", "geometry": {"type": "Polygon", "coordinates": [[[-62.9, -32.8], [-62.8, -32.8], [-62.75, -32.85], [-62.8, -32.9], [-62.9, -32.9], [-62.95, -32.85], [-62.9, -32.8]]]}, "properties": {"id": 187, "nombre_x": "Ordo\u00f1ez", "lst_celsius": 20.628021833213097, "nbr": 0.1900150067471711, "ndvi": 0.4343888289588473, "nombre_y": "Ordo\u00f1ez", "precip_60d_mm": 85.34964200052895, "humedad_min": 34.0, "viento_max_kmh": 37.1, "humedad_saocom_pct": 33.0, "riesgo_final": 100.0, "nivel": "CR\u00cdTICO"}}, {"type": "Feature", "geometry": {"type": "Polygon", "coordinates": [[[-63.0, -32.8], [-62.9, -32.8], [-62.85, -32.85], [-62.9, -32.9], [-63.0, -32.9], [-63.05, -32.85], [-63.0, -32.8]]]}, "properties": {"id": 188, "nombre_x": "Idiaz\u00e1bal", "lst_celsius": 20.827855949417938, "nbr": 0.23905630309398174, "ndvi": 0.47275730646553427, "nombre_y": "Idiaz\u00e1bal", "precip_60d_mm": 85.57651986550158, "humedad_min": 34.0, "viento_max_kmh": 36.7, "humedad_saocom_pct": 33.0, "riesgo_final": 100.0, "nivel": "CR\u00cdTICO"}}, {"type": "Feature", "geometry": {"type": "Polygon", "coordinates": [[[-63.3, -32.6], [-63.2, -32.6], [-63.15, -32.65], [-63.2, -32.7], [-63.3, -32.7], [-63.35, -32.65], [-63.3, -32.6]]]}, "properties": {"id": 189, "nombre_x": "Ausonia", "lst_celsius": 20.46150897595527, "nbr": 0.24639920406395246, "ndvi": 0.47512777563012876, "nombre_y": "Ausonia", "precip_60d_mm": 81.40005322779257, "humedad_min": 32.0, "viento_max_kmh": 38.3, "humedad_saocom_pct": 30.9, "riesgo_final": 100.0, "nivel": "CR\u00cdTICO"}}, {"type": "Feature", "geometry": {"type": "Polygon", "coordinates": [[[-63.2, -32.6], [-63.1, -32.6], [-63.05, -32.65], [-63.1, -32.7], [-63.2, -32.7], [-63.25, -32.65], [-63.2, -32.6]]]}, "properties": {"id": 190, "nombre_x": "La Palestina", "lst_celsius": 20.484293855137196, "nbr": 0.2525307505291562, "ndvi": 0.49044132469925394, "nombre_y": "La Palestina", "precip_60d_mm": 84.5311649015793, "humedad_min": null, "viento_max_kmh": null, "humedad_saocom_pct": 37.2, "riesgo_final": 60.5, "nivel": "ALTO"}}, {"type": "Feature", "geometry": {"type": "Polygon", "coordinates": [[[-63.4, -32.7], [-63.3, -32.7], [-63.25, -32.75], [-63.3, -32.8], [-63.4, -32.8], [-63.45, -32.75], [-63.4, -32.7]]]}, "properties": {"id": 191, "nombre_x": "Ticino", "lst_celsius": 20.645158685591753, "nbr": 0.3094164258266735, "ndvi": 0.5364134346492819, "nombre_y": "Ticino", "precip_60d_mm": 81.4147160389741, "humedad_min": 33.0, "viento_max_kmh": 38.8, "humedad_saocom_pct": 28.2, "riesgo_final": 100.0, "nivel": "CR\u00cdTICO"}}, {"type": "Feature", "geometry": {"type": "Polygon", "coordinates": [[[-63.6, -32.6], [-63.5, -32.6], [-63.45, -32.65], [-63.5, -32.7], [-63.6, -32.7], [-63.65, -32.65], [-63.6, -32.6]]]}, "properties": {"id": 192, "nombre_x": "Dalmacio V\u00e9lez", "lst_celsius": 21.11141023417173, "nbr": 0.23089481025524028, "ndvi": 0.4356128884476538, "nombre_y": "Dalmacio V\u00e9lez", "precip_60d_mm": 67.91407163675063, "humedad_min": 30.0, "viento_max_kmh": 39.1, "humedad_saocom_pct": 27.9, "riesgo_final": 100.0, "nivel": "CR\u00cdTICO"}}, {"type": "Feature", "geometry": {"type": "Polygon", "coordinates": [[[-63.8, -32.4], [-63.7, -32.4], [-63.65, -32.45], [-63.7, -32.5], [-63.8, -32.5], [-63.85, -32.45], [-63.8, -32.4]]]}, "properties": {"id": 193, "nombre_x": "Las Isletillas", "lst_celsius": 22.255068376451675, "nbr": 0.07576421171203426, "ndvi": 0.32691713935768124, "nombre_y": "Las Isletillas", "precip_60d_mm": 47.621840221550215, "humedad_min": 29.0, "viento_max_kmh": 40.5, "humedad_saocom_pct": 20.4, "riesgo_final": 100.0, "nivel": "CR\u00cdTICO"}}, {"type": "Feature", "geometry": {"type": "Polygon", "coordinates": [[[-63.9, -32.6], [-63.8, -32.6], [-63.75, -32.65], [-63.8, -32.7], [-63.9, -32.7], [-63.95, -32.65], [-63.9, -32.6]]]}, "properties": {"id": 194, "nombre_x": "Punta del Agua", "lst_celsius": 22.86786311199529, "nbr": 0.07477013632578088, "ndvi": 0.31007067694756457, "nombre_y": "Punta del Agua", "precip_60d_mm": 43.217230492667845, "humedad_min": 29.0, "viento_max_kmh": 40.7, "humedad_saocom_pct": 19.0, "riesgo_final": 100.0, "nivel": "CR\u00cdTICO"}}, {"type": "Feature", "geometry": {"type": "Polygon", "coordinates": [[[-64.2, -31.5], [-64.1, -31.5], [-64.05, -31.55], [-64.1, -31.6], [-64.2, -31.6], [-64.25, -31.55], [-64.2, -31.5]]]}, "properties": {"id": 195, "nombre_x": "Capital - Sur", "lst_celsius": 25.28895705673665, "nbr": 0.1404327175143036, "ndvi": 0.3992779019819154, "nombre_y": "Capital - Sur", "precip_60d_mm": 48.48482333814741, "humedad_min": 21.0, "viento_max_kmh": 36.1, "humedad_saocom_pct": 31.2, "riesgo_final": 100.0, "nivel": "CR\u00cdTICO"}}]}